,S160,D206,H237,T88,W159,W185,I208,S214,Y87,M161,C203,C239,C273,C289,S160A,Y87A,M161A,T88A,W159[H/A],W185A,I208A,S214H,C203S,C239S,S160,D206,H237,Y87,M161,W185,I208,T88,A89,W159,I232,N233,S236,S238F,N241,N244,S245,N246,R280,S160A,D206A,H237A,Y87A,M161A,W185A,I208A,W159[H/A],S238F,N241A,R280A,C203A,C239A,R90A,L117F,I208F,R280A,W159H,S238F,L117F,R280A,T88M,Q119G,N233C,S238I,N241D,S282C
G76C_A143C,S,D,H,I,W,W,V,H,V,M,G,F,P,P,S,V,M,I,W,W,V,H,G,F,S,D,H,V,M,W,V,I,V,W,L,R,D,F,T,N,T,T,P,S,D,H,V,M,W,V,W,F,T,P,G,F,P,E,V,P,W,F,E,P,I,S,R,F,T,S
L180C_A202C,S,D,H,I,W,W,V,H,V,M,G,F,P,P,S,V,M,I,W,W,V,H,G,F,S,D,H,V,M,W,V,I,V,W,L,R,D,F,T,N,T,T,P,S,D,H,V,M,W,V,W,F,T,P,G,F,P,E,V,P,W,F,E,P,I,S,R,F,T,S
T204C_R233C,S,D,H,I,W,W,V,H,V,M,G,F,P,P,S,V,M,I,W,W,V,H,G,F,S,D,H,V,M,W,V,I,V,W,L,R,D,F,T,N,T,T,P,S,D,H,V,M,W,V,W,F,T,P,G,F,P,E,V,P,W,F,E,P,I,S,R,F,T,S
R242C_S291C,S,D,H,I,W,W,V,H,V,M,G,F,P,P,S,V,M,I,W,W,V,H,G,F,S,D,H,V,M,W,V,I,V,W,L,C,D,F,T,N,T,T,P,S,D,H,V,M,W,V,W,F,T,P,G,F,P,E,V,P,W,F,E,P,I,S,C,F,T,C
V129T,S,D,H,I,W,W,V,H,V,M,G,F,P,P,S,V,M,I,W,W,V,H,G,F,S,D,H,V,M,W,V,I,V,W,L,R,D,F,T,N,T,T,P,S,D,H,V,M,W,V,W,F,T,P,G,F,P,E,V,P,W,F,E,P,I,S,R,F,T,S
P136S,S,D,H,I,W,W,V,H,V,M,G,F,P,P,S,V,M,I,W,W,V,H,G,F,S,D,H,V,M,W,V,I,V,W,L,R,D,F,T,N,T,T,P,S,D,H,V,M,W,V,W,F,T,P,G,F,P,E,V,P,W,F,E,P,I,S,R,F,T,S
A192T,S,D,H,I,W,W,V,H,V,M,G,F,P,P,S,V,M,I,W,W,V,H,G,F,S,D,H,V,M,W,V,I,V,W,L,R,D,F,T,N,T,T,P,S,D,H,V,M,W,V,W,F,T,P,G,F,P,E,V,P,W,F,E,P,I,S,R,F,T,S
R198K,S,D,H,I,W,W,V,H,V,M,G,F,P,P,S,V,M,I,W,W,V,H,G,F,S,D,H,V,M,W,V,I,V,W,L,R,D,F,T,N,T,T,P,S,D,H,V,M,W,V,W,F,T,P,G,F,P,E,V,P,W,F,E,P,I,S,R,F,T,S
V203T,S,D,H,I,W,W,V,H,V,M,G,F,P,P,S,V,M,I,W,W,V,H,G,F,S,D,H,V,M,W,V,I,V,W,L,R,D,F,T,N,T,T,P,S,D,H,V,M,W,V,W,F,T,P,G,F,P,E,V,P,W,F,E,P,I,S,R,F,T,S
A252N,S,D,H,I,W,W,V,H,V,M,G,F,P,P,S,V,M,I,W,W,V,H,G,F,S,D,H,V,M,W,V,I,V,W,L,R,D,F,T,N,T,T,P,S,D,H,V,M,W,V,W,F,T,P,G,F,P,E,V,P,W,F,E,P,I,S,R,F,T,S
A257S,S,D,H,I,W,W,V,H,V,M,G,F,P,P,S,V,M,I,W,W,V,H,G,F,S,D,H,V,M,W,V,I,V,W,L,R,D,F,T,N,T,T,P,S,D,H,V,M,W,V,W,F,T,P,G,F,P,E,V,P,W,F,E,P,I,S,R,F,T,S
N109A,S,D,H,I,W,W,V,H,V,M,G,F,P,P,S,V,M,I,W,W,V,H,G,F,S,D,H,V,M,W,V,I,V,W,L,R,D,F,T,N,T,T,P,S,D,H,V,M,W,V,W,F,T,P,G,F,P,E,V,P,W,F,E,P,I,S,R,F,T,S
R151A,S,D,H,I,W,W,V,H,V,M,G,F,P,P,S,V,M,I,W,W,V,H,G,F,S,D,H,V,M,W,V,I,V,W,L,R,D,F,T,N,T,T,P,S,D,H,V,M,W,V,W,F,T,P,G,F,P,E,V,P,W,F,E,P,I,S,R,F,T,S
R157A,S,D,H,I,W,W,V,H,V,M,G,F,P,P,S,V,M,I,W,W,V,H,G,F,S,D,H,V,M,W,V,I,V,W,L,R,D,F,T,N,T,T,P,S,D,H,V,M,W,V,W,F,T,P,G,F,P,E,V,P,W,F,E,P,I,S,R,F,T,S
R160A,S,D,H,I,W,W,V,H,V,M,G,F,P,P,S,V,M,I,W,W,V,H,G,F,S,D,H,V,M,W,V,I,V,W,L,R,D,F,T,N,T,T,P,S,D,H,V,M,W,V,W,F,T,P,G,F,P,E,V,P,W,F,E,P,I,S,R,F,T,S
R233A,S,D,H,I,W,W,V,H,V,M,G,F,P,P,S,V,M,I,W,W,V,H,G,F,S,D,H,V,M,W,V,I,V,W,L,R,D,F,T,N,T,T,P,S,D,H,V,M,W,V,W,F,T,P,G,F,P,E,V,P,W,F,E,P,I,S,R,F,T,S
T86R,S,D,H,I,W,W,V,H,V,M,G,F,P,P,S,V,M,I,W,W,V,H,G,F,S,D,H,V,M,W,V,I,V,W,L,R,D,F,T,N,T,T,P,S,D,H,V,M,W,V,W,F,T,P,G,F,P,E,V,P,W,F,E,P,I,S,R,F,T,S
A155R,S,D,H,I,W,W,V,H,V,M,G,F,P,P,S,V,M,I,W,W,V,H,G,F,S,D,H,V,M,W,V,I,V,W,L,R,D,F,T,N,T,T,P,S,D,H,V,M,W,V,W,F,T,P,G,F,P,E,V,P,W,F,E,P,I,S,R,F,T,S
T275R,S,D,H,I,W,W,V,H,V,M,G,F,P,P,S,V,M,I,W,W,V,H,G,F,S,D,H,V,M,W,V,I,V,W,L,R,D,F,T,N,T,T,P,S,D,H,V,M,W,V,W,F,T,P,G,F,P,E,V,P,W,F,E,P,I,S,R,F,T,S
M294R,S,D,H,I,W,W,V,H,V,M,G,F,P,P,S,V,M,I,W,W,V,H,G,F,S,D,H,V,M,W,V,I,V,W,L,R,D,F,T,N,T,T,P,S,D,H,V,M,W,V,W,F,T,P,G,F,P,E,V,P,W,F,E,P,I,S,R,F,T,S
