S238F/W159H	S238F/W159H
ThermoPETase	S121E/D186H/R280A
DuraPETase	A214H/I168R/W159H/S188Q/R280A/A180I/G165A/Q119Y/L17F/T140D
W159H/F229Y	W159H/F229Y
DuraN233K	A214H/I168R/W159H/S188Q/R280A/A180I/G165A/Q119Y/L17F/T140D/N233K
FAST-PETase	S121E/D186H/R280A/R224Q/N233K
TS-PETase	S121E/D186H/R280A/N233C/S282C
TM3	S121E/D186H/R280A/K95N/F201I/N233C/S282C
D1	A214H/I168R/W159H/S188Q/R280A/A180I/G165A/Q119Y/L17F/T140D/N233C/S282C
HotPETase	S121E/D186H/R280A/N233C/S282C/P181V/S207R/S214Y/Q119K/S213E/R90T/Q182M/N212K/R224L/S58A/S61V/K95N/M154G/N241C/K252M/T270Q
WT_S121E	S121E
WT_T140D	T140D
WT_R224Q	R224Q
WT_N233K	N233K
WT_S121E+T140D	S121E+T140D
WT_S121E+R224Q	S121E+R224Q
WT_S121E+N233K	S121E+N233K
WT_T140D+R224Q	T140D+R224Q
WT_T140D+N233K	T140D+N233K
WT_R224Q+N233K	R224Q+N233K
WT_S121E+T140D+R224Q	S121E+T140D+R224Q
WT_S121E+T140D+N233K	S121E+T140D+N233K
WT_S121E+R224Q+N233K	S121E+R224Q+N233K
WT_T140D+R224Q+N233K	T140D+R224Q+N233K
WT_S121E+T140D+R224Q+N233K	S121E+T140D+R224Q+N233K
Thermo	S121E/D186H/R280A
Thermo_T140D	S121E/D186H/R280A/T140D
Thermo_R224Q	S121E/D186H/R280A/R224Q
Thermo_N233K	S121E/D186H/R280A/N233K
Thermo_T140D+R224Q	S121E/D186H/R280A/T140D/R224Q
Thermo_T140D+N233K	S121E/D186H/R280A/T140D/N233K
Thermo_R224Q+N233K	S121E/D186H/R280A/R224Q/N233K
Thermo_T140D+R224Q+N233K	S121E/D186H/R280A/R224Q/N233K/T140D
Dura	A214H/I168R/W159H/S188Q/R280A/A180I/G165A/Q119Y/L17F/T140D
Dura_S121E	A214H/I168R/W159H/S188Q/R280A/A180I/G165A/Q119Y/L17F/T140D/S121E
Dura_R224Q	A214H/I168R/W159H/S188Q/R280A/A180I/G165A/Q119Y/L17F/T140D/R224Q
Dura_N233K	A214H/I168R/W159H/S188Q/R280A/A180I/G165A/Q119Y/L17F/T140D/N233K
Dura_S121E+R224Q	A214H/I168R/W159H/S188Q/R280A/A180I/G165A/Q119Y/L17F/T140D/S121E/R224Q
Dura_S121E+N233K	A214H/I168R/W159H/S188Q/R280A/A180I/G165A/Q119Y/L17F/T140D/S121E/N233K