test_id	test_seq	rank__sub1	rank__sub2	rank__sub3	rank__sub4	rank__sub5	rank_min	rank_max	rank_range	rank_std
tournament_test_1	AADNPYQRGPDPTNASIEAATGPFAAGTQPIVGASGFGGGQIYYPTDTSQTYGAVVIVPGFISVWAQLNWLGPRLASQGFVVIGIETSVITDLPDPRGDQALAALDWATTRSPVASRIDRTRLAAAGWSMGGGGLRRAALQRPSLKAIVGMAPWNGERNWSAVTVPTLFFGGSSDAVASPNDHAKPFYNSITRAEKDYIELRNADHFFPTSANTTMAKYFISWLKRWVDNDTRYTQFLCPGPSTGLFAPVSASMNTCPF	1	1	1	1	1	1	1	0	0.0
tournament_test_10	AADNPYQRGPDPTNASIEAATGPFALGTQPIVGASGFGGGQIYYPTDTSQTYGAVVIVPGFISVWAQLNWLGPRLASQGFVVIGIETSVITDLPDPRGDQALAALDWATTRSPVASRIDRTRLAAAGWSMGGGGLRRAALQRPSLKAIVGMAPWNGERNWSAVTVPTLFFGGSSDAVASPNDHAKPFYNSITRAEKDYIELRNADHFFPTSANTTMAKYFISWLKRWVDNDTRYTQFLCPGPSTGLFAPVSASMNTCPF	10	10	10	10	10	10	10	0	0.0
tournament_test_100	AADNPYQRGPDPTNASIEAATGPFAVGTQPIVGASGFGGGQIYYPTDTKQTYGAVVIVPGFISVWAQLNWLGPRLASQGFVVIGIETSVITDLPDPRGDQALAALDWATTRSPVASRIDRTRLAAAGWSMGGGGLRRAALQRPSLKAIVGMAPWNGERNWSAVTVPTLFFGGSSDAVASPNDHAKPFYNSITRAEKDYIELRNADHFFPTSANTTMAKYFISWLKRWVDNDTRYTQFLCPGPSTGLFAPVSASMNTCPF	100	100	100	100	100	100	100	0	0.0
tournament_test_1000	AADNPYQRGPDPTNASIEAATGPFAVGTQPIVGASGFGGGQIYYPTDTSQTYGAVVIVPGFISVWAQLNWLGPRLASQGFVVIGIETSVITDLPDPRGDQALAALDWATTRSPVASRIDRTRLAAAGWSMGGGGLRRAALQRPSLKAIVGMAPWNGERNWSAVTVPTLFFGRSSDAVASPNDHAKPFYNSITRAEKDYIELRNADHFFPTSANTTMAKYFISWLKRWVDNDTRYTQFLCPGPSTGLFAPVSASMNTCPF	1000	1000	1000	1000	1000	1000	1000	0	0.0
tournament_test_1001	AADNPYQRGPDPTNASIEAATGPFAVGTQPIVGASGFGGGQIYYPTDTSQTYGAVVIVPGFISVWAQLNWLGPRLASQGFVVIGIETSVITDLPDPRGDQALAALDWATTRSPVASRIDRTRLAAAGWSMGGGGLRRAALQRPSLKAIVGMAPWNGERNWSAVTVPTLFFGSSSDAVASPNDHAKPFYNSITRAEKDYIELRNADHFFPTSANTTMAKYFISWLKRWVDNDTRYTQFLCPGPSTGLFAPVSASMNTCPF	1001	1001	1001	1001	1001	1001	1001	0	0.0
tournament_test_1002	AADNPYQRGPDPTNASIEAATGPFAVGTQPIVGASGFGGGQIYYPTDTSQTYGAVVIVPGFISVWAQLNWLGPRLASQGFVVIGIETSVITDLPDPRGDQALAALDWATTRSPVASRIDRTRLAAAGWSMGGGGLRRAALQRPSLKAIVGMAPWNGERNWSAVTVPTLFFGTSSDAVASPNDHAKPFYNSITRAEKDYIELRNADHFFPTSANTTMAKYFISWLKRWVDNDTRYTQFLCPGPSTGLFAPVSASMNTCPF	1002	1002	1002	1002	1002	1002	1002	0	0.0
tournament_test_1003	AADNPYQRGPDPTNASIEAATGPFAVGTQPIVGASGFGGGQIYYPTDTSQTYGAVVIVPGFISVWAQLNWLGPRLASQGFVVIGIETSVITDLPDPRGDQALAALDWATTRSPVASRIDRTRLAAAGWSMGGGGLRRAALQRPSLKAIVGMAPWNGERNWSAVTVPTLFFGVSSDAVASPNDHAKPFYNSITRAEKDYIELRNADHFFPTSANTTMAKYFISWLKRWVDNDTRYTQFLCPGPSTGLFAPVSASMNTCPF	1003	1003	1003	1003	1003	1003	1003	0	0.0
tournament_test_1004	AADNPYQRGPDPTNASIEAATGPFAVGTQPIVGASGFGGGQIYYPTDTSQTYGAVVIVPGFISVWAQLNWLGPRLASQGFVVIGIETSVITDLPDPRGDQALAALDWATTRSPVASRIDRTRLAAAGWSMGGGGLRRAALQRPSLKAIVGMAPWNGERNWSAVTVPTLFFGWSSDAVASPNDHAKPFYNSITRAEKDYIELRNADHFFPTSANTTMAKYFISWLKRWVDNDTRYTQFLCPGPSTGLFAPVSASMNTCPF	1004	1004	1004	1004	1004	1004	1004	0	0.0
tournament_test_1005	AADNPYQRGPDPTNASIEAATGPFAVGTQPIVGASGFGGGQIYYPTDTSQTYGAVVIVPGFISVWAQLNWLGPRLASQGFVVIGIETSVITDLPDPRGDQALAALDWATTRSPVASRIDRTRLAAAGWSMGGGGLRRAALQRPSLKAIVGMAPWNGERNWSAVTVPTLFFGYSSDAVASPNDHAKPFYNSITRAEKDYIELRNADHFFPTSANTTMAKYFISWLKRWVDNDTRYTQFLCPGPSTGLFAPVSASMNTCPF	1005	1005	1005	1005	1005	1005	1005	0	0.0
tournament_test_1006	AADNPYQRGPDPTNASIEAATGPFAVGTQPIVGASGFGGGQIYYPTDTSQTYGAVVIVPGFISVWAQLNWLGPRLASQGFVVIGIETSVITDLPDPRGDQALAALDWATTRSPVASRIDRTRLAAAGWSMGGGGLRRAALQRPSLKAIVGMAPWNGERNWSAVTVPTLFFHGSSDAVASPNDHAKPFYNSITRAEKDYIELRNADHFFPTSANTTMAKYFISWLKRWVDNDTRYTQFLCPGPSTGLFAPVSASMNTCPF	1006	1006	1006	1006	1006	1006	1006	0	0.0
tournament_test_1007	AADNPYQRGPDPTNASIEAATGPFAVGTQPIVGASGFGGGQIYYPTDTSQTYGAVVIVPGFISVWAQLNWLGPRLASQGFVVIGIETSVITDLPDPRGDQALAALDWATTRSPVASRIDRTRLAAAGWSMGGGGLRRAALQRPSLKAIVGMAPWNGERNWSAVTVPTLFFIGSSDAVASPNDHAKPFYNSITRAEKDYIELRNADHFFPTSANTTMAKYFISWLKRWVDNDTRYTQFLCPGPSTGLFAPVSASMNTCPF	1007	1007	1007	1007	1007	1007	1007	0	0.0
tournament_test_1008	AADNPYQRGPDPTNASIEAATGPFAVGTQPIVGASGFGGGQIYYPTDTSQTYGAVVIVPGFISVWAQLNWLGPRLASQGFVVIGIETSVITDLPDPRGDQALAALDWATTRSPVASRIDRTRLAAAGWSMGGGGLRRAALQRPSLKAIVGMAPWNGERNWSAVTVPTLFFKGSSDAVASPNDHAKPFYNSITRAEKDYIELRNADHFFPTSANTTMAKYFISWLKRWVDNDTRYTQFLCPGPSTGLFAPVSASMNTCPF	1008	1008	1008	1008	1008	1008	1008	0	0.0
tournament_test_1009	AADNPYQRGPDPTNASIEAATGPFAVGTQPIVGASGFGGGQIYYPTDTSQTYGAVVIVPGFISVWAQLNWLGPRLASQGFVVIGIETSVITDLPDPRGDQALAALDWATTRSPVASRIDRTRLAAAGWSMGGGGLRRAALQRPSLKAIVGMAPWNGERNWSAVTVPTLFFLGSSDAVASPNDHAKPFYNSITRAEKDYIELRNADHFFPTSANTTMAKYFISWLKRWVDNDTRYTQFLCPGPSTGLFAPVSASMNTCPF	1009	1009	1009	1009	1009	1009	1009	0	0.0
tournament_test_101	AADNPYQRGPDPTNASIEAATGPFAVGTQPIVGASGFGGGQIYYPTDTLQTYGAVVIVPGFISVWAQLNWLGPRLASQGFVVIGIETSVITDLPDPRGDQALAALDWATTRSPVASRIDRTRLAAAGWSMGGGGLRRAALQRPSLKAIVGMAPWNGERNWSAVTVPTLFFGGSSDAVASPNDHAKPFYNSITRAEKDYIELRNADHFFPTSANTTMAKYFISWLKRWVDNDTRYTQFLCPGPSTGLFAPVSASMNTCPF	101	101	101	101	101	101	101	0	0.0
tournament_test_1010	AADNPYQRGPDPTNASIEAATGPFAVGTQPIVGASGFGGGQIYYPTDTSQTYGAVVIVPGFISVWAQLNWLGPRLASQGFVVIGIETSVITDLPDPRGDQALAALDWATTRSPVASRIDRTRLAAAGWSMGGGGLRRAALQRPSLKAIVGMAPWNGERNWSAVTVPTLFFMGSSDAVASPNDHAKPFYNSITRAEKDYIELRNADHFFPTSANTTMAKYFISWLKRWVDNDTRYTQFLCPGPSTGLFAPVSASMNTCPF	1010	1010	1010	1010	1010	1010	1010	0	0.0
tournament_test_1011	AADNPYQRGPDPTNASIEAATGPFAVGTQPIVGASGFGGGQIYYPTDTSQTYGAVVIVPGFISVWAQLNWLGPRLASQGFVVIGIETSVITDLPDPRGDQALAALDWATTRSPVASRIDRTRLAAAGWSMGGGGLRRAALQRPSLKAIVGMAPWNGERNWSAVTVPTLFFNGSSDAVASPNDHAKPFYNSITRAEKDYIELRNADHFFPTSANTTMAKYFISWLKRWVDNDTRYTQFLCPGPSTGLFAPVSASMNTCPF	1011	1011	1011	1011	1011	1011	1011	0	0.0
tournament_test_1012	AADNPYQRGPDPTNASIEAATGPFAVGTQPIVGASGFGGGQIYYPTDTSQTYGAVVIVPGFISVWAQLNWLGPRLASQGFVVIGIETSVITDLPDPRGDQALAALDWATTRSPVASRIDRTRLAAAGWSMGGGGLRRAALQRPSLKAIVGMAPWNGERNWSAVTVPTLFFPGSSDAVASPNDHAKPFYNSITRAEKDYIELRNADHFFPTSANTTMAKYFISWLKRWVDNDTRYTQFLCPGPSTGLFAPVSASMNTCPF	1012	1012	1012	1012	1012	1012	1012	0	0.0
tournament_test_1013	AADNPYQRGPDPTNASIEAATGPFAVGTQPIVGASGFGGGQIYYPTDTSQTYGAVVIVPGFISVWAQLNWLGPRLASQGFVVIGIETSVITDLPDPRGDQALAALDWATTRSPVASRIDRTRLAAAGWSMGGGGLRRAALQRPSLKAIVGMAPWNGERNWSAVTVPTLFFQGSSDAVASPNDHAKPFYNSITRAEKDYIELRNADHFFPTSANTTMAKYFISWLKRWVDNDTRYTQFLCPGPSTGLFAPVSASMNTCPF	1013	1013	1013	1013	1013	1013	1013	0	0.0
tournament_test_1014	AADNPYQRGPDPTNASIEAATGPFAVGTQPIVGASGFGGGQIYYPTDTSQTYGAVVIVPGFISVWAQLNWLGPRLASQGFVVIGIETSVITDLPDPRGDQALAALDWATTRSPVASRIDRTRLAAAGWSMGGGGLRRAALQRPSLKAIVGMAPWNGERNWSAVTVPTLFFRGSSDAVASPNDHAKPFYNSITRAEKDYIELRNADHFFPTSANTTMAKYFISWLKRWVDNDTRYTQFLCPGPSTGLFAPVSASMNTCPF	1014	1014	1014	1014	1014	1014	1014	0	0.0
tournament_test_1015	AADNPYQRGPDPTNASIEAATGPFAVGTQPIVGASGFGGGQIYYPTDTSQTYGAVVIVPGFISVWAQLNWLGPRLASQGFVVIGIETSVITDLPDPRGDQALAALDWATTRSPVASRIDRTRLAAAGWSMGGGGLRRAALQRPSLKAIVGMAPWNGERNWSAVTVPTLFFSGSSDAVASPNDHAKPFYNSITRAEKDYIELRNADHFFPTSANTTMAKYFISWLKRWVDNDTRYTQFLCPGPSTGLFAPVSASMNTCPF	1015	1015	1015	1015	1015	1015	1015	0	0.0
tournament_test_1016	AADNPYQRGPDPTNASIEAATGPFAVGTQPIVGASGFGGGQIYYPTDTSQTYGAVVIVPGFISVWAQLNWLGPRLASQGFVVIGIETSVITDLPDPRGDQALAALDWATTRSPVASRIDRTRLAAAGWSMGGGGLRRAALQRPSLKAIVGMAPWNGERNWSAVTVPTLFFTGSSDAVASPNDHAKPFYNSITRAEKDYIELRNADHFFPTSANTTMAKYFISWLKRWVDNDTRYTQFLCPGPSTGLFAPVSASMNTCPF	1016	1016	1016	1016	1016	1016	1016	0	0.0
tournament_test_1017	AADNPYQRGPDPTNASIEAATGPFAVGTQPIVGASGFGGGQIYYPTDTSQTYGAVVIVPGFISVWAQLNWLGPRLASQGFVVIGIETSVITDLPDPRGDQALAALDWATTRSPVASRIDRTRLAAAGWSMGGGGLRRAALQRPSLKAIVGMAPWNGERNWSAVTVPTLFFVGSSDAVASPNDHAKPFYNSITRAEKDYIELRNADHFFPTSANTTMAKYFISWLKRWVDNDTRYTQFLCPGPSTGLFAPVSASMNTCPF	1017	1017	1017	1017	1017	1017	1017	0	0.0
tournament_test_1018	AADNPYQRGPDPTNASIEAATGPFAVGTQPIVGASGFGGGQIYYPTDTSQTYGAVVIVPGFISVWAQLNWLGPRLASQGFVVIGIETSVITDLPDPRGDQALAALDWATTRSPVASRIDRTRLAAAGWSMGGGGLRRAALQRPSLKAIVGMAPWNGERNWSAVTVPTLFFWGSSDAVASPNDHAKPFYNSITRAEKDYIELRNADHFFPTSANTTMAKYFISWLKRWVDNDTRYTQFLCPGPSTGLFAPVSASMNTCPF	1018	1018	1018	1018	1018	1018	1018	0	0.0
tournament_test_1019	AADNPYQRGPDPTNASIEAATGPFAVGTQPIVGASGFGGGQIYYPTDTSQTYGAVVIVPGFISVWAQLNWLGPRLASQGFVVIGIETSVITDLPDPRGDQALAALDWATTRSPVASRIDRTRLAAAGWSMGGGGLRRAALQRPSLKAIVGMAPWNGERNWSAVTVPTLFFYGSSDAVASPNDHAKPFYNSITRAEKDYIELRNADHFFPTSANTTMAKYFISWLKRWVDNDTRYTQFLCPGPSTGLFAPVSASMNTCPF	1019	1019	1019	1019	1019	1019	1019	0	0.0
tournament_test_102	AADNPYQRGPDPTNASIEAATGPFAVGTQPIVGASGFGGGQIYYPTDTMQTYGAVVIVPGFISVWAQLNWLGPRLASQGFVVIGIETSVITDLPDPRGDQALAALDWATTRSPVASRIDRTRLAAAGWSMGGGGLRRAALQRPSLKAIVGMAPWNGERNWSAVTVPTLFFGGSSDAVASPNDHAKPFYNSITRAEKDYIELRNADHFFPTSANTTMAKYFISWLKRWVDNDTRYTQFLCPGPSTGLFAPVSASMNTCPF	102	102	102	102	102	102	102	0	0.0
tournament_test_1020	AADNPYQRGPDPTNASIEAATGPFAVGTQPIVGASGFGGGQIYYPTDTSQTYGAVVIVPGFISVWAQLNWLGPRLASQGFVVIGIETSVITDLPDPRGDQALAALDWATTRSPVASRIDRTRLAAAGWSMGGGGLRRAALQRPSLKAIVGMAPWNGERNWSAVTVQTLFFGGSSDAVASPNDHAKPFYNSITRAEKDYIELRNADHFFPTSANTTMAKYFISWLKRWVDNDTRYTQFLCPGPSTGLFAPVSASMNTCPF	1020	1020	1020	1020	1020	1020	1020	0	0.0
tournament_test_1021	AADNPYQRGPDPTNASIEAATGPFAVGTQPIVGASGFGGGQIYYPTDTSQTYGAVVIVPGFISVWAQLNWLGPRLASQGFVVIGIETSVITDLPDPRGDQALAALDWATTRSPVASRIDRTRLAAAGWSMGGGGLRRAALQRPSLKAIVGMAPWNGERNWSAVTVRTLFFGGSSDAVASPNDHAKPFYNSITRAEKDYIELRNADHFFPTSANTTMAKYFISWLKRWVDNDTRYTQFLCPGPSTGLFAPVSASMNTCPF	1021	1021	1021	1021	1021	1021	1021	0	0.0
tournament_test_1022	AADNPYQRGPDPTNASIEAATGPFAVGTQPIVGASGFGGGQIYYPTDTSQTYGAVVIVPGFISVWAQLNWLGPRLASQGFVVIGIETSVITDLPDPRGDQALAALDWATTRSPVASRIDRTRLAAAGWSMGGGGLRRAALQRPSLKAIVGMAPWNGERNWSAVTVSTLFFGGSSDAVASPNDHAKPFYNSITRAEKDYIELRNADHFFPTSANTTMAKYFISWLKRWVDNDTRYTQFLCPGPSTGLFAPVSASMNTCPF	1022	1022	1022	1022	1022	1022	1022	0	0.0
tournament_test_1023	AADNPYQRGPDPTNASIEAATGPFAVGTQPIVGASGFGGGQIYYPTDTSQTYGAVVIVPGFISVWAQLNWLGPRLASQGFVVIGIETSVITDLPDPRGDQALAALDWATTRSPVASRIDRTRLAAAGWSMGGGGLRRAALQRPSLKAIVGMAPWNGERNWSAVTVTTLFFGGSSDAVASPNDHAKPFYNSITRAEKDYIELRNADHFFPTSANTTMAKYFISWLKRWVDNDTRYTQFLCPGPSTGLFAPVSASMNTCPF	1023	1023	1023	1023	1023	1023	1023	0	0.0
tournament_test_1024	AADNPYQRGPDPTNASIEAATGPFAVGTQPIVGASGFGGGQIYYPTDTSQTYGAVVIVPGFISVWAQLNWLGPRLASQGFVVIGIETSVITDLPDPRGDQALAALDWATTRSPVASRIDRTRLAAAGWSMGGGGLRRAALQRPSLKAIVGMAPWNGERNWSAVTVVTLFFGGSSDAVASPNDHAKPFYNSITRAEKDYIELRNADHFFPTSANTTMAKYFISWLKRWVDNDTRYTQFLCPGPSTGLFAPVSASMNTCPF	1024	1024	1024	1024	1024	1024	1024	0	0.0
tournament_test_1025	AADNPYQRGPDPTNASIEAATGPFAVGTQPIVGASGFGGGQIYYPTDTSQTYGAVVIVPGFISVWAQLNWLGPRLASQGFVVIGIETSVITDLPDPRGDQALAALDWATTRSPVASRIDRTRLAAAGWSMGGGGLRRAALQRPSLKAIVGMAPWNGERNWSAVTVWTLFFGGSSDAVASPNDHAKPFYNSITRAEKDYIELRNADHFFPTSANTTMAKYFISWLKRWVDNDTRYTQFLCPGPSTGLFAPVSASMNTCPF	1025	1025	1025	1025	1025	1025	1025	0	0.0
tournament_test_1026	AADNPYQRGPDPTNASIEAATGPFAVGTQPIVGASGFGGGQIYYPTDTSQTYGAVVIVPGFISVWAQLNWLGPRLASQGFVVIGIETSVITDLPDPRGDQALAALDWATTRSPVASRIDRTRLAAAGWSMGGGGLRRAALQRPSLKAIVGMAPWNGERNWSAVTVYTLFFGGSSDAVASPNDHAKPFYNSITRAEKDYIELRNADHFFPTSANTTMAKYFISWLKRWVDNDTRYTQFLCPGPSTGLFAPVSASMNTCPF	1026	1026	1026	1026	1026	1026	1026	0	0.0
tournament_test_1027	AADNPYQRGPDPTNASIEAATGPFAVGTQPIVGASGFGGGQIYYPTDTSQTYGAVVIVPGFISVWAQLNWLGPRLASQGFVVIGIETSVITDLPDPRGDQALAALDWATTRSPVASRIDRTRLAAAGWSMGGGGLRRAALQRPSLKAIVGMAPWNGERNWSAVVVPTLFFGGSSDAVASPNDHAKPFYNSITRAEKDYIELRNADHFFPTSANTTMAKYFISWLKRWVDNDTRYTQFLCPGPSTGLFAPVSASMNTCPF	1027	1027	1027	1027	1027	1027	1027	0	0.0
tournament_test_1028	AADNPYQRGPDPTNASIEAATGPFAVGTQPIVGASGFGGGQIYYPTDTSQTYGAVVIVPGFISVWAQLNWLGPRLASQGFVVIGIETSVITDLPDPRGDQALAALDWATTRSPVASRIDRTRLAAAGWSMGGGGLRRAALQRPSLKAIVGMAPWNGERNWSAVWVPTLFFGGSSDAVASPNDHAKPFYNSITRAEKDYIELRNADHFFPTSANTTMAKYFISWLKRWVDNDTRYTQFLCPGPSTGLFAPVSASMNTCPF	1028	1028	1028	1028	1028	1028	1028	0	0.0
tournament_test_1029	AADNPYQRGPDPTNASIEAATGPFAVGTQPIVGASGFGGGQIYYPTDTSQTYGAVVIVPGFISVWAQLNWLGPRLASQGFVVIGIETSVITDLPDPRGDQALAALDWATTRSPVASRIDRTRLAAAGWSMGGGGLRRAALQRPSLKAIVGMAPWNGERNWSAVYVPTLFFGGSSDAVASPNDHAKPFYNSITRAEKDYIELRNADHFFPTSANTTMAKYFISWLKRWVDNDTRYTQFLCPGPSTGLFAPVSASMNTCPF	1029	1029	1029	1029	1029	1029	1029	0	0.0
tournament_test_103	AADNPYQRGPDPTNASIEAATGPFAVGTQPIVGASGFGGGQIYYPTDTNQTYGAVVIVPGFISVWAQLNWLGPRLASQGFVVIGIETSVITDLPDPRGDQALAALDWATTRSPVASRIDRTRLAAAGWSMGGGGLRRAALQRPSLKAIVGMAPWNGERNWSAVTVPTLFFGGSSDAVASPNDHAKPFYNSITRAEKDYIELRNADHFFPTSANTTMAKYFISWLKRWVDNDTRYTQFLCPGPSTGLFAPVSASMNTCPF	103	103	103	103	103	103	103	0	0.0
tournament_test_1030	AADNPYQRGPDPTNASIEAATGPFAVGTQPIVGASGFGGGQIYYPTDTSQTYGAVVIVPGFISVWAQLNWLGPRLASQGFVVIGIETSVITDLPDPRGDQALAALDWATTRSPVASRIDRTRLAAAGWSMGGGGLRRAALQRPSLKAIVGMAPWNGERNWSAWTVPTLFFGGSSDAVASPNDHAKPFYNSITRAEKDYIELRNADHFFPTSANTTMAKYFISWLKRWVDNDTRYTQFLCPGPSTGLFAPVSASMNTCPF	1030	1030	1030	1030	1030	1030	1030	0	0.0
tournament_test_1031	AADNPYQRGPDPTNASIEAATGPFAVGTQPIVGASGFGGGQIYYPTDTSQTYGAVVIVPGFISVWAQLNWLGPRLASQGFVVIGIETSVITDLPDPRGDQALAALDWATTRSPVASRIDRTRLAAAGWSMGGGGLRRAALQRPSLKAIVGMAPWNGERNWSAYTVPTLFFGGSSDAVASPNDHAKPFYNSITRAEKDYIELRNADHFFPTSANTTMAKYFISWLKRWVDNDTRYTQFLCPGPSTGLFAPVSASMNTCPF	1031	1031	1031	1031	1031	1031	1031	0	0.0
tournament_test_1032	AADNPYQRGPDPTNASIEAATGPFAVGTQPIVGASGFGGGQIYYPTDTSQTYGAVVIVPGFISVWAQLNWLGPRLASQGFVVIGIETSVITDLPDPRGDQALAALDWATTRSPVASRIDRTRLAAAGWSMGGGGLRRAALQRPSLKAIVGMAPWNGERNYSAVTVPTLFFGGSSDAVASPNDHAKPFYNSITRAEKDYIELRNADHFFPTSANTTMAKYFISWLKRWVDNDTRYTQFLCPGPSTGLFAPVSASMNTCPF	1032	1032	1032	1032	1032	1032	1032	0	0.0
tournament_test_1033	AADNPYQRGPDPTNASIEAATGPFAVGTQPIVGASGFGGGQIYYPTDTSQTYGAVVIVPGFISVWAQLNWLGPRLASQGFVVIGIETSVITDLPDPRGDQALAALDWATTRSPVASRIDRTRLAAAGWSMGGGGLRRAALQRPSLKAIVGMAPWNGERPWSAVTVPTLFFGGSSDAVASPNDHAKPFYNSITRAEKDYIELRNADHFFPTSANTTMAKYFISWLKRWVDNDTRYTQFLCPGPSTGLFAPVSASMNTCPF	1033	1033	1033	1033	1033	1033	1033	0	0.0
tournament_test_1034	AADNPYQRGPDPTNASIEAATGPFAVGTQPIVGASGFGGGQIYYPTDTSQTYGAVVIVPGFISVWAQLNWLGPRLASQGFVVIGIETSVITDLPDPRGDQALAALDWATTRSPVASRIDRTRLAAAGWSMGGGGLRRAALQRPSLKAIVGMAPWNGERQWSAVTVPTLFFGGSSDAVASPNDHAKPFYNSITRAEKDYIELRNADHFFPTSANTTMAKYFISWLKRWVDNDTRYTQFLCPGPSTGLFAPVSASMNTCPF	1034	1034	1034	1034	1034	1034	1034	0	0.0
tournament_test_1035	AADNPYQRGPDPTNASIEAATGPFAVGTQPIVGASGFGGGQIYYPTDTSQTYGAVVIVPGFISVWAQLNWLGPRLASQGFVVIGIETSVITDLPDPRGDQALAALDWATTRSPVASRIDRTRLAAAGWSMGGGGLRRAALQRPSLKAIVGMAPWNGERRWSAVTVPTLFFGGSSDAVASPNDHAKPFYNSITRAEKDYIELRNADHFFPTSANTTMAKYFISWLKRWVDNDTRYTQFLCPGPSTGLFAPVSASMNTCPF	1035	1035	1035	1035	1035	1035	1035	0	0.0
tournament_test_1036	AADNPYQRGPDPTNASIEAATGPFAVGTQPIVGASGFGGGQIYYPTDTSQTYGAVVIVPGFISVWAQLNWLGPRLASQGFVVIGIETSVITDLPDPRGDQALAALDWATTRSPVASRIDRTRLAAAGWSMGGGGLRRAALQRPSLKAIVGMAPWNGERSWSAVTVPTLFFGGSSDAVASPNDHAKPFYNSITRAEKDYIELRNADHFFPTSANTTMAKYFISWLKRWVDNDTRYTQFLCPGPSTGLFAPVSASMNTCPF	1036	1036	1036	1036	1036	1036	1036	0	0.0
tournament_test_1037	AADNPYQRGPDPTNASIEAATGPFAVGTQPIVGASGFGGGQIYYPTDTSQTYGAVVIVPGFISVWAQLNWLGPRLASQGFVVIGIETSVITDLPDPRGDQALAALDWATTRSPVASRIDRTRLAAAGWSMGGGGLRRAALQRPSLKAIVGMAPWNGERTWSAVTVPTLFFGGSSDAVASPNDHAKPFYNSITRAEKDYIELRNADHFFPTSANTTMAKYFISWLKRWVDNDTRYTQFLCPGPSTGLFAPVSASMNTCPF	1037	1037	1037	1037	1037	1037	1037	0	0.0
tournament_test_1038	AADNPYQRGPDPTNASIEAATGPFAVGTQPIVGASGFGGGQIYYPTDTSQTYGAVVIVPGFISVWAQLNWLGPRLASQGFVVIGIETSVITDLPDPRGDQALAALDWATTRSPVASRIDRTRLAAAGWSMGGGGLRRAALQRPSLKAIVGMAPWNGERVWSAVTVPTLFFGGSSDAVASPNDHAKPFYNSITRAEKDYIELRNADHFFPTSANTTMAKYFISWLKRWVDNDTRYTQFLCPGPSTGLFAPVSASMNTCPF	1038	1038	1038	1038	1038	1038	1038	0	0.0
tournament_test_1039	AADNPYQRGPDPTNASIEAATGPFAVGTQPIVGASGFGGGQIYYPTDTSQTYGAVVIVPGFISVWAQLNWLGPRLASQGFVVIGIETSVITDLPDPRGDQALAALDWATTRSPVASRIDRTRLAAAGWSMGGGGLRRAALQRPSLKAIVGMAPWNGERWWSAVTVPTLFFGGSSDAVASPNDHAKPFYNSITRAEKDYIELRNADHFFPTSANTTMAKYFISWLKRWVDNDTRYTQFLCPGPSTGLFAPVSASMNTCPF	1039	1039	1039	1039	1039	1039	1039	0	0.0
tournament_test_104	AADNPYQRGPDPTNASIEAATGPFAVGTQPIVGASGFGGGQIYYPTDTPQTYGAVVIVPGFISVWAQLNWLGPRLASQGFVVIGIETSVITDLPDPRGDQALAALDWATTRSPVASRIDRTRLAAAGWSMGGGGLRRAALQRPSLKAIVGMAPWNGERNWSAVTVPTLFFGGSSDAVASPNDHAKPFYNSITRAEKDYIELRNADHFFPTSANTTMAKYFISWLKRWVDNDTRYTQFLCPGPSTGLFAPVSASMNTCPF	104	104	104	104	104	104	104	0	0.0
tournament_test_1040	AADNPYQRGPDPTNASIEAATGPFAVGTQPIVGASGFGGGQIYYPTDTSQTYGAVVIVPGFISVWAQLNWLGPRLASQGFVVIGIETSVITDLPDPRGDQALAALDWATTRSPVASRIDRTRLAAAGWSMGGGGLRRAALQRPSLKAIVGMAPWNGERYWSAVTVPTLFFGGSSDAVASPNDHAKPFYNSITRAEKDYIELRNADHFFPTSANTTMAKYFISWLKRWVDNDTRYTQFLCPGPSTGLFAPVSASMNTCPF	1040	1040	1040	1040	1040	1040	1040	0	0.0
tournament_test_1041	AADNPYQRGPDPTNASIEAATGPFAVGTQPIVGASGFGGGQIYYPTDTSQTYGAVVIVPGFISVWAQLNWLGPRLASQGFVVIGIETSVITDLPDPRGDQALAALDWATTRSPVASRIDRTRLAAAGWSMGGGGLRRAALQRPSLKAIVGMAPWNGFRNWSAVTVPTLFFGGSSDAVASPNDHAKPFYNSITRAEKDYIELRNADHFFPTSANTTMAKYFISWLKRWVDNDTRYTQFLCPGPSTGLFAPVSASMNTCPF	1041	1041	1041	1041	1041	1041	1041	0	0.0
tournament_test_1042	AADNPYQRGPDPTNASIEAATGPFAVGTQPIVGASGFGGGQIYYPTDTSQTYGAVVIVPGFISVWAQLNWLGPRLASQGFVVIGIETSVITDLPDPRGDQALAALDWATTRSPVASRIDRTRLAAAGWSMGGGGLRRAALQRPSLKAIVGMAPWNGGRNWSAVTVPTLFFGGSSDAVASPNDHAKPFYNSITRAEKDYIELRNADHFFPTSANTTMAKYFISWLKRWVDNDTRYTQFLCPGPSTGLFAPVSASMNTCPF	1042	1042	1042	1042	1042	1042	1042	0	0.0
tournament_test_1043	AADNPYQRGPDPTNASIEAATGPFAVGTQPIVGASGFGGGQIYYPTDTSQTYGAVVIVPGFISVWAQLNWLGPRLASQGFVVIGIETSVITDLPDPRGDQALAALDWATTRSPVASRIDRTRLAAAGWSMGGGGLRRAALQRPSLKAIVGMAPWNGHRNWSAVTVPTLFFGGSSDAVASPNDHAKPFYNSITRAEKDYIELRNADHFFPTSANTTMAKYFISWLKRWVDNDTRYTQFLCPGPSTGLFAPVSASMNTCPF	1043	1043	1043	1043	1043	1043	1043	0	0.0
tournament_test_1044	AADNPYQRGPDPTNASIEAATGPFAVGTQPIVGASGFGGGQIYYPTDTSQTYGAVVIVPGFISVWAQLNWLGPRLASQGFVVIGIETSVITDLPDPRGDQALAALDWATTRSPVASRIDRTRLAAAGWSMGGGGLRRAALQRPSLKAIVGMAPWNGIRNWSAVTVPTLFFGGSSDAVASPNDHAKPFYNSITRAEKDYIELRNADHFFPTSANTTMAKYFISWLKRWVDNDTRYTQFLCPGPSTGLFAPVSASMNTCPF	1044	1044	1044	1044	1044	1044	1044	0	0.0
tournament_test_1045	AADNPYQRGPDPTNASIEAATGPFAVGTQPIVGASGFGGGQIYYPTDTSQTYGAVVIVPGFISVWAQLNWLGPRLASQGFVVIGIETSVITDLPDPRGDQALAALDWATTRSPVASRIDRTRLAAAGWSMGGGGLRRAALQRPSLKAIVGMAPWNGKRNWSAVTVPTLFFGGSSDAVASPNDHAKPFYNSITRAEKDYIELRNADHFFPTSANTTMAKYFISWLKRWVDNDTRYTQFLCPGPSTGLFAPVSASMNTCPF	1045	1045	1045	1045	1045	1045	1045	0	0.0
tournament_test_1046	AADNPYQRGPDPTNASIEAATGPFAVGTQPIVGASGFGGGQIYYPTDTSQTYGAVVIVPGFISVWAQLNWLGPRLASQGFVVIGIETSVITDLPDPRGDQALAALDWATTRSPVASRIDRTRLAAAGWSMGGGGLRRAALQRPSLKAIVGMAPWNGLRNWSAVTVPTLFFGGSSDAVASPNDHAKPFYNSITRAEKDYIELRNADHFFPTSANTTMAKYFISWLKRWVDNDTRYTQFLCPGPSTGLFAPVSASMNTCPF	1046	1046	1046	1046	1046	1046	1046	0	0.0
tournament_test_1047	AADNPYQRGPDPTNASIEAATGPFAVGTQPIVGASGFGGGQIYYPTDTSQTYGAVVIVPGFISVWAQLNWLGPRLASQGFVVIGIETSVITDLPDPRGDQALAALDWATTRSPVASRIDRTRLAAAGWSMGGGGLRRAALQRPSLKAIVGMAPWNGMRNWSAVTVPTLFFGGSSDAVASPNDHAKPFYNSITRAEKDYIELRNADHFFPTSANTTMAKYFISWLKRWVDNDTRYTQFLCPGPSTGLFAPVSASMNTCPF	1047	1047	1047	1047	1047	1047	1047	0	0.0
tournament_test_1048	AADNPYQRGPDPTNASIEAATGPFAVGTQPIVGASGFGGGQIYYPTDTSQTYGAVVIVPGFISVWAQLNWLGPRLASQGFVVIGIETSVITDLPDPRGDQALAALDWATTRSPVASRIDRTRLAAAGWSMGGGGLRRAALQRPSLKAIVGMAPWNGNRNWSAVTVPTLFFGGSSDAVASPNDHAKPFYNSITRAEKDYIELRNADHFFPTSANTTMAKYFISWLKRWVDNDTRYTQFLCPGPSTGLFAPVSASMNTCPF	1048	1048	1048	1048	1048	1048	1048	0	0.0
tournament_test_1049	AADNPYQRGPDPTNASIEAATGPFAVGTQPIVGASGFGGGQIYYPTDTSQTYGAVVIVPGFISVWAQLNWLGPRLASQGFVVIGIETSVITDLPDPRGDQALAALDWATTRSPVASRIDRTRLAAAGWSMGGGGLRRAALQRPSLKAIVGMAPWNGPRNWSAVTVPTLFFGGSSDAVASPNDHAKPFYNSITRAEKDYIELRNADHFFPTSANTTMAKYFISWLKRWVDNDTRYTQFLCPGPSTGLFAPVSASMNTCPF	1049	1049	1049	1049	1049	1049	1049	0	0.0
tournament_test_105	AADNPYQRGPDPTNASIEAATGPFAVGTQPIVGASGFGGGQIYYPTDTQQTYGAVVIVPGFISVWAQLNWLGPRLASQGFVVIGIETSVITDLPDPRGDQALAALDWATTRSPVASRIDRTRLAAAGWSMGGGGLRRAALQRPSLKAIVGMAPWNGERNWSAVTVPTLFFGGSSDAVASPNDHAKPFYNSITRAEKDYIELRNADHFFPTSANTTMAKYFISWLKRWVDNDTRYTQFLCPGPSTGLFAPVSASMNTCPF	105	105	105	105	105	105	105	0	0.0
tournament_test_1050	AADNPYQRGPDPTNASIEAATGPFAVGTQPIVGASGFGGGQIYYPTDTSQTYGAVVIVPGFISVWAQLNWLGPRLASQGFVVIGIETSVITDLPDPRGDQALAALDWATTRSPVASRIDRTRLAAAGWSMGGGGLRRAALQRPSLKAIVGMAPWNGQRNWSAVTVPTLFFGGSSDAVASPNDHAKPFYNSITRAEKDYIELRNADHFFPTSANTTMAKYFISWLKRWVDNDTRYTQFLCPGPSTGLFAPVSASMNTCPF	1050	1050	1050	1050	1050	1050	1050	0	0.0
tournament_test_1051	AADNPYQRGPDPTNASIEAATGPFAVGTQPIVGASGFGGGQIYYPTDTSQTYGAVVIVPGFISVWAQLNWLGPRLASQGFVVIGIETSVITDLPDPRGDQALAALDWATTRSPVASRIDRTRLAAAGWSMGGGGLRRAALQRPSLKAIVGMAPWNGRRNWSAVTVPTLFFGGSSDAVASPNDHAKPFYNSITRAEKDYIELRNADHFFPTSANTTMAKYFISWLKRWVDNDTRYTQFLCPGPSTGLFAPVSASMNTCPF	1051	1051	1051	1051	1051	1051	1051	0	0.0
tournament_test_1052	AADNPYQRGPDPTNASIEAATGPFAVGTQPIVGASGFGGGQIYYPTDTSQTYGAVVIVPGFISVWAQLNWLGPRLASQGFVVIGIETSVITDLPDPRGDQALAALDWATTRSPVASRIDRTRLAAAGWSMGGGGLRRAALQRPSLKAIVGMAPWNGSRNWSAVTVPTLFFGGSSDAVASPNDHAKPFYNSITRAEKDYIELRNADHFFPTSANTTMAKYFISWLKRWVDNDTRYTQFLCPGPSTGLFAPVSASMNTCPF	1052	1052	1052	1052	1052	1052	1052	0	0.0
tournament_test_1053	AADNPYQRGPDPTNASIEAATGPFAVGTQPIVGASGFGGGQIYYPTDTSQTYGAVVIVPGFISVWAQLNWLGPRLASQGFVVIGIETSVITDLPDPRGDQALAALDWATTRSPVASRIDRTRLAAAGWSMGGGGLRRAALQRPSLKAIVGMAPWNGTRNWSAVTVPTLFFGGSSDAVASPNDHAKPFYNSITRAEKDYIELRNADHFFPTSANTTMAKYFISWLKRWVDNDTRYTQFLCPGPSTGLFAPVSASMNTCPF	1053	1053	1053	1053	1053	1053	1053	0	0.0
tournament_test_1054	AADNPYQRGPDPTNASIEAATGPFAVGTQPIVGASGFGGGQIYYPTDTSQTYGAVVIVPGFISVWAQLNWLGPRLASQGFVVIGIETSVITDLPDPRGDQALAALDWATTRSPVASRIDRTRLAAAGWSMGGGGLRRAALQRPSLKAIVGMAPWNGVRNWSAVTVPTLFFGGSSDAVASPNDHAKPFYNSITRAEKDYIELRNADHFFPTSANTTMAKYFISWLKRWVDNDTRYTQFLCPGPSTGLFAPVSASMNTCPF	1054	1054	1054	1054	1054	1054	1054	0	0.0
tournament_test_1055	AADNPYQRGPDPTNASIEAATGPFAVGTQPIVGASGFGGGQIYYPTDTSQTYGAVVIVPGFISVWAQLNWLGPRLASQGFVVIGIETSVITDLPDPRGDQALAALDWATTRSPVASRIDRTRLAAAGWSMGGGGLRRAALQRPSLKAIVGMAPWNGWRNWSAVTVPTLFFGGSSDAVASPNDHAKPFYNSITRAEKDYIELRNADHFFPTSANTTMAKYFISWLKRWVDNDTRYTQFLCPGPSTGLFAPVSASMNTCPF	1055	1055	1055	1055	1055	1055	1055	0	0.0
tournament_test_1056	AADNPYQRGPDPTNASIEAATGPFAVGTQPIVGASGFGGGQIYYPTDTSQTYGAVVIVPGFISVWAQLNWLGPRLASQGFVVIGIETSVITDLPDPRGDQALAALDWATTRSPVASRIDRTRLAAAGWSMGGGGLRRAALQRPSLKAIVGMAPWNGYRNWSAVTVPTLFFGGSSDAVASPNDHAKPFYNSITRAEKDYIELRNADHFFPTSANTTMAKYFISWLKRWVDNDTRYTQFLCPGPSTGLFAPVSASMNTCPF	1056	1056	1056	1056	1056	1056	1056	0	0.0
tournament_test_1057	AADNPYQRGPDPTNASIEAATGPFAVGTQPIVGASGFGGGQIYYPTDTSQTYGAVVIVPGFISVWAQLNWLGPRLASQGFVVIGIETSVITDLPDPRGDQALAALDWATTRSPVASRIDRTRLAAAGWSMGGGGLRRAALQRPSLKAIVGMAPYNGERNWSAVTVPTLFFGGSSDAVASPNDHAKPFYNSITRAEKDYIELRNADHFFPTSANTTMAKYFISWLKRWVDNDTRYTQFLCPGPSTGLFAPVSASMNTCPF	1057	1057	1057	1057	1057	1057	1057	0	0.0
tournament_test_1058	AADNPYQRGPDPTNASIEAATGPFAVGTQPIVGASGFGGGQIYYPTDTSQTYGAVVIVPGFISVWAQLNWLGPRLASQGFVVIGIETSVITDLPDPRGDQALAALDWATTRSPVASRIDRTRLAAAGWSMGGGGLRRAALQRPSLKAIVGMCPWNGERNWSAVTVPTLFFGGSSDAVASPNDHAKPFYNSITRAEKDYIELRNADHFFPTSANTTMAKYFISWLKRWVDNDTRYTQFLCPGPSTGLFAPVSASMNTCPF	1058	1058	1058	1058	1058	1058	1058	0	0.0
tournament_test_1059	AADNPYQRGPDPTNASIEAATGPFAVGTQPIVGASGFGGGQIYYPTDTSQTYGAVVIVPGFISVWAQLNWLGPRLASQGFVVIGIETSVITDLPDPRGDQALAALDWATTRSPVASRIDRTRLAAAGWSMGGGGLRRAALQRPSLKAIVGMDPWNGERNWSAVTVPTLFFGGSSDAVASPNDHAKPFYNSITRAEKDYIELRNADHFFPTSANTTMAKYFISWLKRWVDNDTRYTQFLCPGPSTGLFAPVSASMNTCPF	1059	1059	1059	1059	1059	1059	1059	0	0.0
tournament_test_106	AADNPYQRGPDPTNASIEAATGPFAVGTQPIVGASGFGGGQIYYPTDTRQTYGAVVIVPGFISVWAQLNWLGPRLASQGFVVIGIETSVITDLPDPRGDQALAALDWATTRSPVASRIDRTRLAAAGWSMGGGGLRRAALQRPSLKAIVGMAPWNGERNWSAVTVPTLFFGGSSDAVASPNDHAKPFYNSITRAEKDYIELRNADHFFPTSANTTMAKYFISWLKRWVDNDTRYTQFLCPGPSTGLFAPVSASMNTCPF	106	106	106	106	106	106	106	0	0.0
tournament_test_1060	AADNPYQRGPDPTNASIEAATGPFAVGTQPIVGASGFGGGQIYYPTDTSQTYGAVVIVPGFISVWAQLNWLGPRLASQGFVVIGIETSVITDLPDPRGDQALAALDWATTRSPVASRIDRTRLAAAGWSMGGGGLRRAALQRPSLKAIVGMEPWNGERNWSAVTVPTLFFGGSSDAVASPNDHAKPFYNSITRAEKDYIELRNADHFFPTSANTTMAKYFISWLKRWVDNDTRYTQFLCPGPSTGLFAPVSASMNTCPF	1060	1060	1060	1060	1060	1060	1060	0	0.0
tournament_test_1061	AADNPYQRGPDPTNASIEAATGPFAVGTQPIVGASGFGGGQIYYPTDTSQTYGAVVIVPGFISVWAQLNWLGPRLASQGFVVIGIETSVITDLPDPRGDQALAALDWATTRSPVASRIDRTRLAAAGWSMGGGGLRRAALQRPSLKAIVGMFPWNGERNWSAVTVPTLFFGGSSDAVASPNDHAKPFYNSITRAEKDYIELRNADHFFPTSANTTMAKYFISWLKRWVDNDTRYTQFLCPGPSTGLFAPVSASMNTCPF	1061	1061	1061	1061	1061	1061	1061	0	0.0
tournament_test_1062	AADNPYQRGPDPTNASIEAATGPFAVGTQPIVGASGFGGGQIYYPTDTSQTYGAVVIVPGFISVWAQLNWLGPRLASQGFVVIGIETSVITDLPDPRGDQALAALDWATTRSPVASRIDRTRLAAAGWSMGGGGLRRAALQRPSLKAIVGMGPWNGERNWSAVTVPTLFFGGSSDAVASPNDHAKPFYNSITRAEKDYIELRNADHFFPTSANTTMAKYFISWLKRWVDNDTRYTQFLCPGPSTGLFAPVSASMNTCPF	1062	1062	1062	1062	1062	1062	1062	0	0.0
tournament_test_1063	AADNPYQRGPDPTNASIEAATGPFAVGTQPIVGASGFGGGQIYYPTDTSQTYGAVVIVPGFISVWAQLNWLGPRLASQGFVVIGIETSVITDLPDPRGDQALAALDWATTRSPVASRIDRTRLAAAGWSMGGGGLRRAALQRPSLKAIVGMHPWNGERNWSAVTVPTLFFGGSSDAVASPNDHAKPFYNSITRAEKDYIELRNADHFFPTSANTTMAKYFISWLKRWVDNDTRYTQFLCPGPSTGLFAPVSASMNTCPF	1063	1063	1063	1063	1063	1063	1063	0	0.0
tournament_test_1064	AADNPYQRGPDPTNASIEAATGPFAVGTQPIVGASGFGGGQIYYPTDTSQTYGAVVIVPGFISVWAQLNWLGPRLASQGFVVIGIETSVITDLPDPRGDQALAALDWATTRSPVASRIDRTRLAAAGWSMGGGGLRRAALQRPSLKAIVGMIPWNGERNWSAVTVPTLFFGGSSDAVASPNDHAKPFYNSITRAEKDYIELRNADHFFPTSANTTMAKYFISWLKRWVDNDTRYTQFLCPGPSTGLFAPVSASMNTCPF	1064	1064	1064	1064	1064	1064	1064	0	0.0
tournament_test_1065	AADNPYQRGPDPTNASIEAATGPFAVGTQPIVGASGFGGGQIYYPTDTSQTYGAVVIVPGFISVWAQLNWLGPRLASQGFVVIGIETSVITDLPDPRGDQALAALDWATTRSPVASRIDRTRLAAAGWSMGGGGLRRAALQRPSLKAIVGMKPWNGERNWSAVTVPTLFFGGSSDAVASPNDHAKPFYNSITRAEKDYIELRNADHFFPTSANTTMAKYFISWLKRWVDNDTRYTQFLCPGPSTGLFAPVSASMNTCPF	1065	1065	1065	1065	1065	1065	1065	0	0.0
tournament_test_1066	AADNPYQRGPDPTNASIEAATGPFAVGTQPIVGASGFGGGQIYYPTDTSQTYGAVVIVPGFISVWAQLNWLGPRLASQGFVVIGIETSVITDLPDPRGDQALAALDWATTRSPVASRIDRTRLAAAGWSMGGGGLRRAALQRPSLKAIVGMLPWNGERNWSAVTVPTLFFGGSSDAVASPNDHAKPFYNSITRAEKDYIELRNADHFFPTSANTTMAKYFISWLKRWVDNDTRYTQFLCPGPSTGLFAPVSASMNTCPF	1066	1066	1066	1066	1066	1066	1066	0	0.0
tournament_test_1067	AADNPYQRGPDPTNASIEAATGPFAVGTQPIVGASGFGGGQIYYPTDTSQTYGAVVIVPGFISVWAQLNWLGPRLASQGFVVIGIETSVITDLPDPRGDQALAALDWATTRSPVASRIDRTRLAAAGWSMGGGGLRRAALQRPSLKAIVGMMPWNGERNWSAVTVPTLFFGGSSDAVASPNDHAKPFYNSITRAEKDYIELRNADHFFPTSANTTMAKYFISWLKRWVDNDTRYTQFLCPGPSTGLFAPVSASMNTCPF	1067	1067	1067	1067	1067	1067	1067	0	0.0
tournament_test_1068	AADNPYQRGPDPTNASIEAATGPFAVGTQPIVGASGFGGGQIYYPTDTSQTYGAVVIVPGFISVWAQLNWLGPRLASQGFVVIGIETSVITDLPDPRGDQALAALDWATTRSPVASRIDRTRLAAAGWSMGGGGLRRAALQRPSLKAIVGMNPWNGERNWSAVTVPTLFFGGSSDAVASPNDHAKPFYNSITRAEKDYIELRNADHFFPTSANTTMAKYFISWLKRWVDNDTRYTQFLCPGPSTGLFAPVSASMNTCPF	1068	1068	1068	1068	1068	1068	1068	0	0.0
tournament_test_1069	AADNPYQRGPDPTNASIEAATGPFAVGTQPIVGASGFGGGQIYYPTDTSQTYGAVVIVPGFISVWAQLNWLGPRLASQGFVVIGIETSVITDLPDPRGDQALAALDWATTRSPVASRIDRTRLAAAGWSMGGGGLRRAALQRPSLKAIVGMPPWNGERNWSAVTVPTLFFGGSSDAVASPNDHAKPFYNSITRAEKDYIELRNADHFFPTSANTTMAKYFISWLKRWVDNDTRYTQFLCPGPSTGLFAPVSASMNTCPF	1069	1069	1069	1069	1069	1069	1069	0	0.0
tournament_test_107	AADNPYQRGPDPTNASIEAATGPFAVGTQPIVGASGFGGGQIYYPTDTSATYGAVVIVPGFISVWAQLNWLGPRLASQGFVVIGIETSVITDLPDPRGDQALAALDWATTRSPVASRIDRTRLAAAGWSMGGGGLRRAALQRPSLKAIVGMAPWNGERNWSAVTVPTLFFGGSSDAVASPNDHAKPFYNSITRAEKDYIELRNADHFFPTSANTTMAKYFISWLKRWVDNDTRYTQFLCPGPSTGLFAPVSASMNTCPF	107	107	107	107	107	107	107	0	0.0
tournament_test_1070	AADNPYQRGPDPTNASIEAATGPFAVGTQPIVGASGFGGGQIYYPTDTSQTYGAVVIVPGFISVWAQLNWLGPRLASQGFVVIGIETSVITDLPDPRGDQALAALDWATTRSPVASRIDRTRLAAAGWSMGGGGLRRAALQRPSLKAIVGMQPWNGERNWSAVTVPTLFFGGSSDAVASPNDHAKPFYNSITRAEKDYIELRNADHFFPTSANTTMAKYFISWLKRWVDNDTRYTQFLCPGPSTGLFAPVSASMNTCPF	1070	1070	1070	1070	1070	1070	1070	0	0.0
tournament_test_1071	AADNPYQRGPDPTNASIEAATGPFAVGTQPIVGASGFGGGQIYYPTDTSQTYGAVVIVPGFISVWAQLNWLGPRLASQGFVVIGIETSVITDLPDPRGDQALAALDWATTRSPVASRIDRTRLAAAGWSMGGGGLRRAALQRPSLKAIVGMRPWNGERNWSAVTVPTLFFGGSSDAVASPNDHAKPFYNSITRAEKDYIELRNADHFFPTSANTTMAKYFISWLKRWVDNDTRYTQFLCPGPSTGLFAPVSASMNTCPF	1071	1071	1071	1071	1071	1071	1071	0	0.0
tournament_test_1072	AADNPYQRGPDPTNASIEAATGPFAVGTQPIVGASGFGGGQIYYPTDTSQTYGAVVIVPGFISVWAQLNWLGPRLASQGFVVIGIETSVITDLPDPRGDQALAALDWATTRSPVASRIDRTRLAAAGWSMGGGGLRRAALQRPSLKAIVGMSPWNGERNWSAVTVPTLFFGGSSDAVASPNDHAKPFYNSITRAEKDYIELRNADHFFPTSANTTMAKYFISWLKRWVDNDTRYTQFLCPGPSTGLFAPVSASMNTCPF	1072	1072	1072	1072	1072	1072	1072	0	0.0
tournament_test_1073	AADNPYQRGPDPTNASIEAATGPFAVGTQPIVGASGFGGGQIYYPTDTSQTYGAVVIVPGFISVWAQLNWLGPRLASQGFVVIGIETSVITDLPDPRGDQALAALDWATTRSPVASRIDRTRLAAAGWSMGGGGLRRAALQRPSLKAIVGMTPWNGERNWSAVTVPTLFFGGSSDAVASPNDHAKPFYNSITRAEKDYIELRNADHFFPTSANTTMAKYFISWLKRWVDNDTRYTQFLCPGPSTGLFAPVSASMNTCPF	1073	1073	1073	1073	1073	1073	1073	0	0.0
tournament_test_1074	AADNPYQRGPDPTNASIEAATGPFAVGTQPIVGASGFGGGQIYYPTDTSQTYGAVVIVPGFISVWAQLNWLGPRLASQGFVVIGIETSVITDLPDPRGDQALAALDWATTRSPVASRIDRTRLAAAGWSMGGGGLRRAALQRPSLKAIVGMVPWNGERNWSAVTVPTLFFGGSSDAVASPNDHAKPFYNSITRAEKDYIELRNADHFFPTSANTTMAKYFISWLKRWVDNDTRYTQFLCPGPSTGLFAPVSASMNTCPF	1074	1074	1074	1074	1074	1074	1074	0	0.0
tournament_test_1075	AADNPYQRGPDPTNASIEAATGPFAVGTQPIVGASGFGGGQIYYPTDTSQTYGAVVIVPGFISVWAQLNWLGPRLASQGFVVIGIETSVITDLPDPRGDQALAALDWATTRSPVASRIDRTRLAAAGWSMGGGGLRRAALQRPSLKAIVGMWPWNGERNWSAVTVPTLFFGGSSDAVASPNDHAKPFYNSITRAEKDYIELRNADHFFPTSANTTMAKYFISWLKRWVDNDTRYTQFLCPGPSTGLFAPVSASMNTCPF	1075	1075	1075	1075	1075	1075	1075	0	0.0
tournament_test_1076	AADNPYQRGPDPTNASIEAATGPFAVGTQPIVGASGFGGGQIYYPTDTSQTYGAVVIVPGFISVWAQLNWLGPRLASQGFVVIGIETSVITDLPDPRGDQALAALDWATTRSPVASRIDRTRLAAAGWSMGGGGLRRAALQRPSLKAIVGMYPWNGERNWSAVTVPTLFFGGSSDAVASPNDHAKPFYNSITRAEKDYIELRNADHFFPTSANTTMAKYFISWLKRWVDNDTRYTQFLCPGPSTGLFAPVSASMNTCPF	1076	1076	1076	1076	1076	1076	1076	0	0.0
tournament_test_1077	AADNPYQRGPDPTNASIEAATGPFAVGTQPIVGASGFGGGQIYYPTDTSQTYGAVVIVPGFISVWAQLNWLGPRLASQGFVVIGIETSVITDLPDPRGDQALAALDWATTRSPVASRIDRTRLAAAGWSMGGGGLRRAALQRPSLKAIVHMAPWNGERNWSAVTVPTLFFGGSSDAVASPNDHAKPFYNSITRAEKDYIELRNADHFFPTSANTTMAKYFISWLKRWVDNDTRYTQFLCPGPSTGLFAPVSASMNTCPF	1077	1077	1077	1077	1077	1077	1077	0	0.0
tournament_test_1078	AADNPYQRGPDPTNASIEAATGPFAVGTQPIVGASGFGGGQIYYPTDTSQTYGAVVIVPGFISVWAQLNWLGPRLASQGFVVIGIETSVITDLPDPRGDQALAALDWATTRSPVASRIDRTRLAAAGWSMGGGGLRRAALQRPSLKAIVIMAPWNGERNWSAVTVPTLFFGGSSDAVASPNDHAKPFYNSITRAEKDYIELRNADHFFPTSANTTMAKYFISWLKRWVDNDTRYTQFLCPGPSTGLFAPVSASMNTCPF	1078	1078	1078	1078	1078	1078	1078	0	0.0
tournament_test_1079	AADNPYQRGPDPTNASIEAATGPFAVGTQPIVGASGFGGGQIYYPTDTSQTYGAVVIVPGFISVWAQLNWLGPRLASQGFVVIGIETSVITDLPDPRGDQALAALDWATTRSPVASRIDRTRLAAAGWSMGGGGLRRAALQRPSLKAIVKMAPWNGERNWSAVTVPTLFFGGSSDAVASPNDHAKPFYNSITRAEKDYIELRNADHFFPTSANTTMAKYFISWLKRWVDNDTRYTQFLCPGPSTGLFAPVSASMNTCPF	1079	1079	1079	1079	1079	1079	1079	0	0.0
tournament_test_108	AADNPYQRGPDPTNASIEAATGPFAVGTQPIVGASGFGGGQIYYPTDTSCTYGAVVIVPGFISVWAQLNWLGPRLASQGFVVIGIETSVITDLPDPRGDQALAALDWATTRSPVASRIDRTRLAAAGWSMGGGGLRRAALQRPSLKAIVGMAPWNGERNWSAVTVPTLFFGGSSDAVASPNDHAKPFYNSITRAEKDYIELRNADHFFPTSANTTMAKYFISWLKRWVDNDTRYTQFLCPGPSTGLFAPVSASMNTCPF	108	108	108	108	108	108	108	0	0.0
tournament_test_1080	AADNPYQRGPDPTNASIEAATGPFAVGTQPIVGASGFGGGQIYYPTDTSQTYGAVVIVPGFISVWAQLNWLGPRLASQGFVVIGIETSVITDLPDPRGDQALAALDWATTRSPVASRIDRTRLAAAGWSMGGGGLRRAALQRPSLKAIVLMAPWNGERNWSAVTVPTLFFGGSSDAVASPNDHAKPFYNSITRAEKDYIELRNADHFFPTSANTTMAKYFISWLKRWVDNDTRYTQFLCPGPSTGLFAPVSASMNTCPF	1080	1080	1080	1080	1080	1080	1080	0	0.0
tournament_test_1081	AADNPYQRGPDPTNASIEAATGPFAVGTQPIVGASGFGGGQIYYPTDTSQTYGAVVIVPGFISVWAQLNWLGPRLASQGFVVIGIETSVITDLPDPRGDQALAALDWATTRSPVASRIDRTRLAAAGWSMGGGGLRRAALQRPSLKAIVMMAPWNGERNWSAVTVPTLFFGGSSDAVASPNDHAKPFYNSITRAEKDYIELRNADHFFPTSANTTMAKYFISWLKRWVDNDTRYTQFLCPGPSTGLFAPVSASMNTCPF	1081	1081	1081	1081	1081	1081	1081	0	0.0
tournament_test_1082	AADNPYQRGPDPTNASIEAATGPFAVGTQPIVGASGFGGGQIYYPTDTSQTYGAVVIVPGFISVWAQLNWLGPRLASQGFVVIGIETSVITDLPDPRGDQALAALDWATTRSPVASRIDRTRLAAAGWSMGGGGLRRAALQRPSLKAIVNMAPWNGERNWSAVTVPTLFFGGSSDAVASPNDHAKPFYNSITRAEKDYIELRNADHFFPTSANTTMAKYFISWLKRWVDNDTRYTQFLCPGPSTGLFAPVSASMNTCPF	1082	1082	1082	1082	1082	1082	1082	0	0.0
tournament_test_1083	AADNPYQRGPDPTNASIEAATGPFAVGTQPIVGASGFGGGQIYYPTDTSQTYGAVVIVPGFISVWAQLNWLGPRLASQGFVVIGIETSVITDLPDPRGDQALAALDWATTRSPVASRIDRTRLAAAGWSMGGGGLRRAALQRPSLKAIVPMAPWNGERNWSAVTVPTLFFGGSSDAVASPNDHAKPFYNSITRAEKDYIELRNADHFFPTSANTTMAKYFISWLKRWVDNDTRYTQFLCPGPSTGLFAPVSASMNTCPF	1083	1083	1083	1083	1083	1083	1083	0	0.0
tournament_test_1084	AADNPYQRGPDPTNASIEAATGPFAVGTQPIVGASGFGGGQIYYPTDTSQTYGAVVIVPGFISVWAQLNWLGPRLASQGFVVIGIETSVITDLPDPRGDQALAALDWATTRSPVASRIDRTRLAAAGWSMGGGGLRRAALQRPSLKAIVQMAPWNGERNWSAVTVPTLFFGGSSDAVASPNDHAKPFYNSITRAEKDYIELRNADHFFPTSANTTMAKYFISWLKRWVDNDTRYTQFLCPGPSTGLFAPVSASMNTCPF	1084	1084	1084	1084	1084	1084	1084	0	0.0
tournament_test_1085	AADNPYQRGPDPTNASIEAATGPFAVGTQPIVGASGFGGGQIYYPTDTSQTYGAVVIVPGFISVWAQLNWLGPRLASQGFVVIGIETSVITDLPDPRGDQALAALDWATTRSPVASRIDRTRLAAAGWSMGGGGLRRAALQRPSLKAIVRMAPWNGERNWSAVTVPTLFFGGSSDAVASPNDHAKPFYNSITRAEKDYIELRNADHFFPTSANTTMAKYFISWLKRWVDNDTRYTQFLCPGPSTGLFAPVSASMNTCPF	1085	1085	1085	1085	1085	1085	1085	0	0.0
tournament_test_1086	AADNPYQRGPDPTNASIEAATGPFAVGTQPIVGASGFGGGQIYYPTDTSQTYGAVVIVPGFISVWAQLNWLGPRLASQGFVVIGIETSVITDLPDPRGDQALAALDWATTRSPVASRIDRTRLAAAGWSMGGGGLRRAALQRPSLKAIVSMAPWNGERNWSAVTVPTLFFGGSSDAVASPNDHAKPFYNSITRAEKDYIELRNADHFFPTSANTTMAKYFISWLKRWVDNDTRYTQFLCPGPSTGLFAPVSASMNTCPF	1086	1086	1086	1086	1086	1086	1086	0	0.0
tournament_test_1087	AADNPYQRGPDPTNASIEAATGPFAVGTQPIVGASGFGGGQIYYPTDTSQTYGAVVIVPGFISVWAQLNWLGPRLASQGFVVIGIETSVITDLPDPRGDQALAALDWATTRSPVASRIDRTRLAAAGWSMGGGGLRRAALQRPSLKAIVTMAPWNGERNWSAVTVPTLFFGGSSDAVASPNDHAKPFYNSITRAEKDYIELRNADHFFPTSANTTMAKYFISWLKRWVDNDTRYTQFLCPGPSTGLFAPVSASMNTCPF	1087	1087	1087	1087	1087	1087	1087	0	0.0
tournament_test_1088	AADNPYQRGPDPTNASIEAATGPFAVGTQPIVGASGFGGGQIYYPTDTSQTYGAVVIVPGFISVWAQLNWLGPRLASQGFVVIGIETSVITDLPDPRGDQALAALDWATTRSPVASRIDRTRLAAAGWSMGGGGLRRAALQRPSLKAIVVMAPWNGERNWSAVTVPTLFFGGSSDAVASPNDHAKPFYNSITRAEKDYIELRNADHFFPTSANTTMAKYFISWLKRWVDNDTRYTQFLCPGPSTGLFAPVSASMNTCPF	1088	1088	1088	1088	1088	1088	1088	0	0.0
tournament_test_1089	AADNPYQRGPDPTNASIEAATGPFAVGTQPIVGASGFGGGQIYYPTDTSQTYGAVVIVPGFISVWAQLNWLGPRLASQGFVVIGIETSVITDLPDPRGDQALAALDWATTRSPVASRIDRTRLAAAGWSMGGGGLRRAALQRPSLKAIVWMAPWNGERNWSAVTVPTLFFGGSSDAVASPNDHAKPFYNSITRAEKDYIELRNADHFFPTSANTTMAKYFISWLKRWVDNDTRYTQFLCPGPSTGLFAPVSASMNTCPF	1089	1089	1089	1089	1089	1089	1089	0	0.0
tournament_test_109	AADNPYQRGPDPTNASIEAATGPFAVGTQPIVGASGFGGGQIYYPTDTSDTYGAVVIVPGFISVWAQLNWLGPRLASQGFVVIGIETSVITDLPDPRGDQALAALDWATTRSPVASRIDRTRLAAAGWSMGGGGLRRAALQRPSLKAIVGMAPWNGERNWSAVTVPTLFFGGSSDAVASPNDHAKPFYNSITRAEKDYIELRNADHFFPTSANTTMAKYFISWLKRWVDNDTRYTQFLCPGPSTGLFAPVSASMNTCPF	109	109	109	109	109	109	109	0	0.0
tournament_test_1090	AADNPYQRGPDPTNASIEAATGPFAVGTQPIVGASGFGGGQIYYPTDTSQTYGAVVIVPGFISVWAQLNWLGPRLASQGFVVIGIETSVITDLPDPRGDQALAALDWATTRSPVASRIDRTRLAAAGWSMGGGGLRRAALQRPSLKAIVYMAPWNGERNWSAVTVPTLFFGGSSDAVASPNDHAKPFYNSITRAEKDYIELRNADHFFPTSANTTMAKYFISWLKRWVDNDTRYTQFLCPGPSTGLFAPVSASMNTCPF	1090	1090	1090	1090	1090	1090	1090	0	0.0
tournament_test_1091	AADNPYQRGPDPTNASIEAATGPFAVGTQPIVGASGFGGGQIYYPTDTSQTYGAVVIVPGFISVWAQLNWLGPRLASQGFVVIGIETSVITDLPDPRGDQALAALDWATTRSPVASRIDRTRLAAAGWSMGGGGLRRAALQRPSLKAKVGMAPWNGERNWSAVTVPTLFFGGSSDAVASPNDHAKPFYNSITRAEKDYIELRNADHFFPTSANTTMAKYFISWLKRWVDNDTRYTQFLCPGPSTGLFAPVSASMNTCPF	1091	1091	1091	1091	1091	1091	1091	0	0.0
tournament_test_1092	AADNPYQRGPDPTNASIEAATGPFAVGTQPIVGASGFGGGQIYYPTDTSQTYGAVVIVPGFISVWAQLNWLGPRLASQGFVVIGIETSVITDLPDPRGDQALAALDWATTRSPVASRIDRTRLAAAGWSMGGGGLRRAALQRPSLKALVGMAPWNGERNWSAVTVPTLFFGGSSDAVASPNDHAKPFYNSITRAEKDYIELRNADHFFPTSANTTMAKYFISWLKRWVDNDTRYTQFLCPGPSTGLFAPVSASMNTCPF	1092	1092	1092	1092	1092	1092	1092	0	0.0
tournament_test_1093	AADNPYQRGPDPTNASIEAATGPFAVGTQPIVGASGFGGGQIYYPTDTSQTYGAVVIVPGFISVWAQLNWLGPRLASQGFVVIGIETSVITDLPDPRGDQALAALDWATTRSPVASRIDRTRLAAAGWSMGGGGLRRAALQRPSLKAMVGMAPWNGERNWSAVTVPTLFFGGSSDAVASPNDHAKPFYNSITRAEKDYIELRNADHFFPTSANTTMAKYFISWLKRWVDNDTRYTQFLCPGPSTGLFAPVSASMNTCPF	1093	1093	1093	1093	1093	1093	1093	0	0.0
tournament_test_1094	AADNPYQRGPDPTNASIEAATGPFAVGTQPIVGASGFGGGQIYYPTDTSQTYGAVVIVPGFISVWAQLNWLGPRLASQGFVVIGIETSVITDLPDPRGDQALAALDWATTRSPVASRIDRTRLAAAGWSMGGGGLRRAALQRPSLKANVGMAPWNGERNWSAVTVPTLFFGGSSDAVASPNDHAKPFYNSITRAEKDYIELRNADHFFPTSANTTMAKYFISWLKRWVDNDTRYTQFLCPGPSTGLFAPVSASMNTCPF	1094	1094	1094	1094	1094	1094	1094	0	0.0
tournament_test_1095	AADNPYQRGPDPTNASIEAATGPFAVGTQPIVGASGFGGGQIYYPTDTSQTYGAVVIVPGFISVWAQLNWLGPRLASQGFVVIGIETSVITDLPDPRGDQALAALDWATTRSPVASRIDRTRLAAAGWSMGGGGLRRAALQRPSLKAPVGMAPWNGERNWSAVTVPTLFFGGSSDAVASPNDHAKPFYNSITRAEKDYIELRNADHFFPTSANTTMAKYFISWLKRWVDNDTRYTQFLCPGPSTGLFAPVSASMNTCPF	1095	1095	1095	1095	1095	1095	1095	0	0.0
tournament_test_1096	AADNPYQRGPDPTNASIEAATGPFAVGTQPIVGASGFGGGQIYYPTDTSQTYGAVVIVPGFISVWAQLNWLGPRLASQGFVVIGIETSVITDLPDPRGDQALAALDWATTRSPVASRIDRTRLAAAGWSMGGGGLRRAALQRPSLKAQVGMAPWNGERNWSAVTVPTLFFGGSSDAVASPNDHAKPFYNSITRAEKDYIELRNADHFFPTSANTTMAKYFISWLKRWVDNDTRYTQFLCPGPSTGLFAPVSASMNTCPF	1096	1096	1096	1096	1096	1096	1096	0	0.0
tournament_test_1097	AADNPYQRGPDPTNASIEAATGPFAVGTQPIVGASGFGGGQIYYPTDTSQTYGAVVIVPGFISVWAQLNWLGPRLASQGFVVIGIETSVITDLPDPRGDQALAALDWATTRSPVASRIDRTRLAAAGWSMGGGGLRRAALQRPSLKARVGMAPWNGERNWSAVTVPTLFFGGSSDAVASPNDHAKPFYNSITRAEKDYIELRNADHFFPTSANTTMAKYFISWLKRWVDNDTRYTQFLCPGPSTGLFAPVSASMNTCPF	1097	1097	1097	1097	1097	1097	1097	0	0.0
tournament_test_1098	AADNPYQRGPDPTNASIEAATGPFAVGTQPIVGASGFGGGQIYYPTDTSQTYGAVVIVPGFISVWAQLNWLGPRLASQGFVVIGIETSVITDLPDPRGDQALAALDWATTRSPVASRIDRTRLAAAGWSMGGGGLRRAALQRPSLKASVGMAPWNGERNWSAVTVPTLFFGGSSDAVASPNDHAKPFYNSITRAEKDYIELRNADHFFPTSANTTMAKYFISWLKRWVDNDTRYTQFLCPGPSTGLFAPVSASMNTCPF	1098	1098	1098	1098	1098	1098	1098	0	0.0
tournament_test_1099	AADNPYQRGPDPTNASIEAATGPFAVGTQPIVGASGFGGGQIYYPTDTSQTYGAVVIVPGFISVWAQLNWLGPRLASQGFVVIGIETSVITDLPDPRGDQALAALDWATTRSPVASRIDRTRLAAAGWSMGGGGLRRAALQRPSLKATVGMAPWNGERNWSAVTVPTLFFGGSSDAVASPNDHAKPFYNSITRAEKDYIELRNADHFFPTSANTTMAKYFISWLKRWVDNDTRYTQFLCPGPSTGLFAPVSASMNTCPF	1099	1099	1099	1099	1099	1099	1099	0	0.0
tournament_test_11	AADNPYQRGPDPTNASIEAATGPFAMGTQPIVGASGFGGGQIYYPTDTSQTYGAVVIVPGFISVWAQLNWLGPRLASQGFVVIGIETSVITDLPDPRGDQALAALDWATTRSPVASRIDRTRLAAAGWSMGGGGLRRAALQRPSLKAIVGMAPWNGERNWSAVTVPTLFFGGSSDAVASPNDHAKPFYNSITRAEKDYIELRNADHFFPTSANTTMAKYFISWLKRWVDNDTRYTQFLCPGPSTGLFAPVSASMNTCPF	11	11	11	11	11	11	11	0	0.0
tournament_test_110	AADNPYQRGPDPTNASIEAATGPFAVGTQPIVGASGFGGGQIYYPTDTSETYGAVVIVPGFISVWAQLNWLGPRLASQGFVVIGIETSVITDLPDPRGDQALAALDWATTRSPVASRIDRTRLAAAGWSMGGGGLRRAALQRPSLKAIVGMAPWNGERNWSAVTVPTLFFGGSSDAVASPNDHAKPFYNSITRAEKDYIELRNADHFFPTSANTTMAKYFISWLKRWVDNDTRYTQFLCPGPSTGLFAPVSASMNTCPF	110	110	110	110	110	110	110	0	0.0
tournament_test_1100	AADNPYQRGPDPTNASIEAATGPFAVGTQPIVGASGFGGGQIYYPTDTSQTYGAVVIVPGFISVWAQLNWLGPRLASQGFVVIGIETSVITDLPDPRGDQALAALDWATTRSPVASRIDRTRLAAAGWSMGGGGLRRAALQRPSLKAVVGMAPWNGERNWSAVTVPTLFFGGSSDAVASPNDHAKPFYNSITRAEKDYIELRNADHFFPTSANTTMAKYFISWLKRWVDNDTRYTQFLCPGPSTGLFAPVSASMNTCPF	1100	1100	1100	1100	1100	1100	1100	0	0.0
tournament_test_1101	AADNPYQRGPDPTNASIEAATGPFAVGTQPIVGASGFGGGQIYYPTDTSQTYGAVVIVPGFISVWAQLNWLGPRLASQGFVVIGIETSVITDLPDPRGDQALAALDWATTRSPVASRIDRTRLAAAGWSMGGGGLRRAALQRPSLKAWVGMAPWNGERNWSAVTVPTLFFGGSSDAVASPNDHAKPFYNSITRAEKDYIELRNADHFFPTSANTTMAKYFISWLKRWVDNDTRYTQFLCPGPSTGLFAPVSASMNTCPF	1101	1101	1101	1101	1101	1101	1101	0	0.0
tournament_test_1102	AADNPYQRGPDPTNASIEAATGPFAVGTQPIVGASGFGGGQIYYPTDTSQTYGAVVIVPGFISVWAQLNWLGPRLASQGFVVIGIETSVITDLPDPRGDQALAALDWATTRSPVASRIDRTRLAAAGWSMGGGGLRRAALQRPSLKAYVGMAPWNGERNWSAVTVPTLFFGGSSDAVASPNDHAKPFYNSITRAEKDYIELRNADHFFPTSANTTMAKYFISWLKRWVDNDTRYTQFLCPGPSTGLFAPVSASMNTCPF	1102	1102	1102	1102	1102	1102	1102	0	0.0
tournament_test_1103	AADNPYQRGPDPTNASIEAATGPFAVGTQPIVGASGFGGGQIYYPTDTSQTYGAVVIVPGFISVWAQLNWLGPRLASQGFVVIGIETSVITDLPDPRGDQALAALDWATTRSPVASRIDRTRLAAAGWSMGGGGLRRAALQRPTLKAIVGMAPWNGERNWSAVTVPTLFFGGSSDAVASPNDHAKPFYNSITRAEKDYIELRNADHFFPTSANTTMAKYFISWLKRWVDNDTRYTQFLCPGPSTGLFAPVSASMNTCPF	1103	1103	1103	1103	1103	1103	1103	0	0.0
tournament_test_1104	AADNPYQRGPDPTNASIEAATGPFAVGTQPIVGASGFGGGQIYYPTDTSQTYGAVVIVPGFISVWAQLNWLGPRLASQGFVVIGIETSVITDLPDPRGDQALAALDWATTRSPVASRIDRTRLAAAGWSMGGGGLRRAALQRPVLKAIVGMAPWNGERNWSAVTVPTLFFGGSSDAVASPNDHAKPFYNSITRAEKDYIELRNADHFFPTSANTTMAKYFISWLKRWVDNDTRYTQFLCPGPSTGLFAPVSASMNTCPF	1104	1104	1104	1104	1104	1104	1104	0	0.0
tournament_test_1105	AADNPYQRGPDPTNASIEAATGPFAVGTQPIVGASGFGGGQIYYPTDTSQTYGAVVIVPGFISVWAQLNWLGPRLASQGFVVIGIETSVITDLPDPRGDQALAALDWATTRSPVASRIDRTRLAAAGWSMGGGGLRRAALQRPWLKAIVGMAPWNGERNWSAVTVPTLFFGGSSDAVASPNDHAKPFYNSITRAEKDYIELRNADHFFPTSANTTMAKYFISWLKRWVDNDTRYTQFLCPGPSTGLFAPVSASMNTCPF	1105	1105	1105	1105	1105	1105	1105	0	0.0
tournament_test_1106	AADNPYQRGPDPTNASIEAATGPFAVGTQPIVGASGFGGGQIYYPTDTSQTYGAVVIVPGFISVWAQLNWLGPRLASQGFVVIGIETSVITDLPDPRGDQALAALDWATTRSPVASRIDRTRLAAAGWSMGGGGLRRAALQRPYLKAIVGMAPWNGERNWSAVTVPTLFFGGSSDAVASPNDHAKPFYNSITRAEKDYIELRNADHFFPTSANTTMAKYFISWLKRWVDNDTRYTQFLCPGPSTGLFAPVSASMNTCPF	1106	1106	1106	1106	1106	1106	1106	0	0.0
tournament_test_1107	AADNPYQRGPDPTNASIEAATGPFAVGTQPIVGASGFGGGQIYYPTDTSQTYGAVVIVPGFISVWAQLNWLGPRLASQGFVVIGIETSVITDLPDPRGDQALAALDWATTRSPVASRIDRTRLAAAGWSMGGGGLRRAALQRQSLKAIVGMAPWNGERNWSAVTVPTLFFGGSSDAVASPNDHAKPFYNSITRAEKDYIELRNADHFFPTSANTTMAKYFISWLKRWVDNDTRYTQFLCPGPSTGLFAPVSASMNTCPF	1107	1107	1107	1107	1107	1107	1107	0	0.0
tournament_test_1108	AADNPYQRGPDPTNASIEAATGPFAVGTQPIVGASGFGGGQIYYPTDTSQTYGAVVIVPGFISVWAQLNWLGPRLASQGFVVIGIETSVITDLPDPRGDQALAALDWATTRSPVASRIDRTRLAAAGWSMGGGGLRRAALQRRSLKAIVGMAPWNGERNWSAVTVPTLFFGGSSDAVASPNDHAKPFYNSITRAEKDYIELRNADHFFPTSANTTMAKYFISWLKRWVDNDTRYTQFLCPGPSTGLFAPVSASMNTCPF	1108	1108	1108	1108	1108	1108	1108	0	0.0
tournament_test_1109	AADNPYQRGPDPTNASIEAATGPFAVGTQPIVGASGFGGGQIYYPTDTSQTYGAVVIVPGFISVWAQLNWLGPRLASQGFVVIGIETSVITDLPDPRGDQALAALDWATTRSPVASRIDRTRLAAAGWSMGGGGLRRAALQRSSLKAIVGMAPWNGERNWSAVTVPTLFFGGSSDAVASPNDHAKPFYNSITRAEKDYIELRNADHFFPTSANTTMAKYFISWLKRWVDNDTRYTQFLCPGPSTGLFAPVSASMNTCPF	1109	1109	1109	1109	1109	1109	1109	0	0.0
tournament_test_111	AADNPYQRGPDPTNASIEAATGPFAVGTQPIVGASGFGGGQIYYPTDTSFTYGAVVIVPGFISVWAQLNWLGPRLASQGFVVIGIETSVITDLPDPRGDQALAALDWATTRSPVASRIDRTRLAAAGWSMGGGGLRRAALQRPSLKAIVGMAPWNGERNWSAVTVPTLFFGGSSDAVASPNDHAKPFYNSITRAEKDYIELRNADHFFPTSANTTMAKYFISWLKRWVDNDTRYTQFLCPGPSTGLFAPVSASMNTCPF	111	111	111	111	111	111	111	0	0.0
tournament_test_1110	AADNPYQRGPDPTNASIEAATGPFAVGTQPIVGASGFGGGQIYYPTDTSQTYGAVVIVPGFISVWAQLNWLGPRLASQGFVVIGIETSVITDLPDPRGDQALAALDWATTRSPVASRIDRTRLAAAGWSMGGGGLRRAALQRTSLKAIVGMAPWNGERNWSAVTVPTLFFGGSSDAVASPNDHAKPFYNSITRAEKDYIELRNADHFFPTSANTTMAKYFISWLKRWVDNDTRYTQFLCPGPSTGLFAPVSASMNTCPF	1110	1110	1110	1110	1110	1110	1110	0	0.0
tournament_test_1111	AADNPYQRGPDPTNASIEAATGPFAVGTQPIVGASGFGGGQIYYPTDTSQTYGAVVIVPGFISVWAQLNWLGPRLASQGFVVIGIETSVITDLPDPRGDQALAALDWATTRSPVASRIDRTRLAAAGWSMGGGGLRRAALQRVSLKAIVGMAPWNGERNWSAVTVPTLFFGGSSDAVASPNDHAKPFYNSITRAEKDYIELRNADHFFPTSANTTMAKYFISWLKRWVDNDTRYTQFLCPGPSTGLFAPVSASMNTCPF	1111	1111	1111	1111	1111	1111	1111	0	0.0
tournament_test_1112	AADNPYQRGPDPTNASIEAATGPFAVGTQPIVGASGFGGGQIYYPTDTSQTYGAVVIVPGFISVWAQLNWLGPRLASQGFVVIGIETSVITDLPDPRGDQALAALDWATTRSPVASRIDRTRLAAAGWSMGGGGLRRAALQRWSLKAIVGMAPWNGERNWSAVTVPTLFFGGSSDAVASPNDHAKPFYNSITRAEKDYIELRNADHFFPTSANTTMAKYFISWLKRWVDNDTRYTQFLCPGPSTGLFAPVSASMNTCPF	1112	1112	1112	1112	1112	1112	1112	0	0.0
tournament_test_1113	AADNPYQRGPDPTNASIEAATGPFAVGTQPIVGASGFGGGQIYYPTDTSQTYGAVVIVPGFISVWAQLNWLGPRLASQGFVVIGIETSVITDLPDPRGDQALAALDWATTRSPVASRIDRTRLAAAGWSMGGGGLRRAALQRYSLKAIVGMAPWNGERNWSAVTVPTLFFGGSSDAVASPNDHAKPFYNSITRAEKDYIELRNADHFFPTSANTTMAKYFISWLKRWVDNDTRYTQFLCPGPSTGLFAPVSASMNTCPF	1113	1113	1113	1113	1113	1113	1113	0	0.0
tournament_test_1114	AADNPYQRGPDPTNASIEAATGPFAVGTQPIVGASGFGGGQIYYPTDTSQTYGAVVIVPGFISVWAQLNWLGPRLASQGFVVIGIETSVITDLPDPRGDQALAALDWATTRSPVASRIDRTRLAAAGWSMGGGGLRRAALRRPSLKAIVGMAPWNGERNWSAVTVPTLFFGGSSDAVASPNDHAKPFYNSITRAEKDYIELRNADHFFPTSANTTMAKYFISWLKRWVDNDTRYTQFLCPGPSTGLFAPVSASMNTCPF	1114	1114	1114	1114	1114	1114	1114	0	0.0
tournament_test_1115	AADNPYQRGPDPTNASIEAATGPFAVGTQPIVGASGFGGGQIYYPTDTSQTYGAVVIVPGFISVWAQLNWLGPRLASQGFVVIGIETSVITDLPDPRGDQALAALDWATTRSPVASRIDRTRLAAAGWSMGGGGLRRAALSRPSLKAIVGMAPWNGERNWSAVTVPTLFFGGSSDAVASPNDHAKPFYNSITRAEKDYIELRNADHFFPTSANTTMAKYFISWLKRWVDNDTRYTQFLCPGPSTGLFAPVSASMNTCPF	1115	1115	1115	1115	1115	1115	1115	0	0.0
tournament_test_1116	AADNPYQRGPDPTNASIEAATGPFAVGTQPIVGASGFGGGQIYYPTDTSQTYGAVVIVPGFISVWAQLNWLGPRLASQGFVVIGIETSVITDLPDPRGDQALAALDWATTRSPVASRIDRTRLAAAGWSMGGGGLRRAALTRPSLKAIVGMAPWNGERNWSAVTVPTLFFGGSSDAVASPNDHAKPFYNSITRAEKDYIELRNADHFFPTSANTTMAKYFISWLKRWVDNDTRYTQFLCPGPSTGLFAPVSASMNTCPF	1116	1116	1116	1116	1116	1116	1116	0	0.0
tournament_test_1117	AADNPYQRGPDPTNASIEAATGPFAVGTQPIVGASGFGGGQIYYPTDTSQTYGAVVIVPGFISVWAQLNWLGPRLASQGFVVIGIETSVITDLPDPRGDQALAALDWATTRSPVASRIDRTRLAAAGWSMGGGGLRRAALVRPSLKAIVGMAPWNGERNWSAVTVPTLFFGGSSDAVASPNDHAKPFYNSITRAEKDYIELRNADHFFPTSANTTMAKYFISWLKRWVDNDTRYTQFLCPGPSTGLFAPVSASMNTCPF	1117	1117	1117	1117	1117	1117	1117	0	0.0
tournament_test_1118	AADNPYQRGPDPTNASIEAATGPFAVGTQPIVGASGFGGGQIYYPTDTSQTYGAVVIVPGFISVWAQLNWLGPRLASQGFVVIGIETSVITDLPDPRGDQALAALDWATTRSPVASRIDRTRLAAAGWSMGGGGLRRAALWRPSLKAIVGMAPWNGERNWSAVTVPTLFFGGSSDAVASPNDHAKPFYNSITRAEKDYIELRNADHFFPTSANTTMAKYFISWLKRWVDNDTRYTQFLCPGPSTGLFAPVSASMNTCPF	1118	1118	1118	1118	1118	1118	1118	0	0.0
tournament_test_1119	AADNPYQRGPDPTNASIEAATGPFAVGTQPIVGASGFGGGQIYYPTDTSQTYGAVVIVPGFISVWAQLNWLGPRLASQGFVVIGIETSVITDLPDPRGDQALAALDWATTRSPVASRIDRTRLAAAGWSMGGGGLRRAALYRPSLKAIVGMAPWNGERNWSAVTVPTLFFGGSSDAVASPNDHAKPFYNSITRAEKDYIELRNADHFFPTSANTTMAKYFISWLKRWVDNDTRYTQFLCPGPSTGLFAPVSASMNTCPF	1119	1119	1119	1119	1119	1119	1119	0	0.0
tournament_test_112	AADNPYQRGPDPTNASIEAATGPFAVGTQPIVGASGFGGGQIYYPTDTSGTYGAVVIVPGFISVWAQLNWLGPRLASQGFVVIGIETSVITDLPDPRGDQALAALDWATTRSPVASRIDRTRLAAAGWSMGGGGLRRAALQRPSLKAIVGMAPWNGERNWSAVTVPTLFFGGSSDAVASPNDHAKPFYNSITRAEKDYIELRNADHFFPTSANTTMAKYFISWLKRWVDNDTRYTQFLCPGPSTGLFAPVSASMNTCPF	112	112	112	112	112	112	112	0	0.0
tournament_test_1120	AADNPYQRGPDPTNASIEAATGPFAVGTQPIVGASGFGGGQIYYPTDTSQTYGAVVIVPGFISVWAQLNWLGPRLASQGFVVIGIETSVITDLPDPRGDQALAALDWATTRSPVASRIDRTRLAAAGWSMGGGGLRSAALQRPSLKAIVGMAPWNGERNWSAVTVPTLFFGGSSDAVASPNDHAKPFYNSITRAEKDYIELRNADHFFPTSANTTMAKYFISWLKRWVDNDTRYTQFLCPGPSTGLFAPVSASMNTCPF	1120	1120	1120	1120	1120	1120	1120	0	0.0
tournament_test_1121	AADNPYQRGPDPTNASIEAATGPFAVGTQPIVGASGFGGGQIYYPTDTSQTYGAVVIVPGFISVWAQLNWLGPRLASQGFVVIGIETSVITDLPDPRGDQALAALDWATTRSPVASRIDRTRLAAAGWSMGGGGLRTAALQRPSLKAIVGMAPWNGERNWSAVTVPTLFFGGSSDAVASPNDHAKPFYNSITRAEKDYIELRNADHFFPTSANTTMAKYFISWLKRWVDNDTRYTQFLCPGPSTGLFAPVSASMNTCPF	1121	1121	1121	1121	1121	1121	1121	0	0.0
tournament_test_1122	AADNPYQRGPDPTNASIEAATGPFAVGTQPIVGASGFGGGQIYYPTDTSQTYGAVVIVPGFISVWAQLNWLGPRLASQGFVVIGIETSVITDLPDPRGDQALAALDWATTRSPVASRIDRTRLAAAGWSMGGGGLRVAALQRPSLKAIVGMAPWNGERNWSAVTVPTLFFGGSSDAVASPNDHAKPFYNSITRAEKDYIELRNADHFFPTSANTTMAKYFISWLKRWVDNDTRYTQFLCPGPSTGLFAPVSASMNTCPF	1122	1122	1122	1122	1122	1122	1122	0	0.0
tournament_test_1123	AADNPYQRGPDPTNASIEAATGPFAVGTQPIVGASGFGGGQIYYPTDTSQTYGAVVIVPGFISVWAQLNWLGPRLASQGFVVIGIETSVITDLPDPRGDQALAALDWATTRSPVASRIDRTRLAAAGWSMGGGGLRWAALQRPSLKAIVGMAPWNGERNWSAVTVPTLFFGGSSDAVASPNDHAKPFYNSITRAEKDYIELRNADHFFPTSANTTMAKYFISWLKRWVDNDTRYTQFLCPGPSTGLFAPVSASMNTCPF	1123	1123	1123	1123	1123	1123	1123	0	0.0
tournament_test_1124	AADNPYQRGPDPTNASIEAATGPFAVGTQPIVGASGFGGGQIYYPTDTSQTYGAVVIVPGFISVWAQLNWLGPRLASQGFVVIGIETSVITDLPDPRGDQALAALDWATTRSPVASRIDRTRLAAAGWSMGGGGLRYAALQRPSLKAIVGMAPWNGERNWSAVTVPTLFFGGSSDAVASPNDHAKPFYNSITRAEKDYIELRNADHFFPTSANTTMAKYFISWLKRWVDNDTRYTQFLCPGPSTGLFAPVSASMNTCPF	1124	1124	1124	1124	1124	1124	1124	0	0.0
tournament_test_1125	AADNPYQRGPDPTNASIEAATGPFAVGTQPIVGASGFGGGQIYYPTDTSQTYGAVVIVPGFISVWAQLNWLGPRLASQGFVVIGIETSVITDLPDPRGDQALAALDWATTRSPVASRIDRTRLAAAGWSMGGGGLSRAALQRPSLKAIVGMAPWNGERNWSAVTVPTLFFGGSSDAVASPNDHAKPFYNSITRAEKDYIELRNADHFFPTSANTTMAKYFISWLKRWVDNDTRYTQFLCPGPSTGLFAPVSASMNTCPF	1125	1125	1125	1125	1125	1125	1125	0	0.0
tournament_test_1126	AADNPYQRGPDPTNASIEAATGPFAVGTQPIVGASGFGGGQIYYPTDTSQTYGAVVIVPGFISVWAQLNWLGPRLASQGFVVIGIETSVITDLPDPRGDQALAALDWATTRSPVASRIDRTRLAAAGWSMGGGGLTRAALQRPSLKAIVGMAPWNGERNWSAVTVPTLFFGGSSDAVASPNDHAKPFYNSITRAEKDYIELRNADHFFPTSANTTMAKYFISWLKRWVDNDTRYTQFLCPGPSTGLFAPVSASMNTCPF	1126	1126	1126	1126	1126	1126	1126	0	0.0
tournament_test_1127	AADNPYQRGPDPTNASIEAATGPFAVGTQPIVGASGFGGGQIYYPTDTSQTYGAVVIVPGFISVWAQLNWLGPRLASQGFVVIGIETSVITDLPDPRGDQALAALDWATTRSPVASRIDRTRLAAAGWSMGGGGLVRAALQRPSLKAIVGMAPWNGERNWSAVTVPTLFFGGSSDAVASPNDHAKPFYNSITRAEKDYIELRNADHFFPTSANTTMAKYFISWLKRWVDNDTRYTQFLCPGPSTGLFAPVSASMNTCPF	1127	1127	1127	1127	1127	1127	1127	0	0.0
tournament_test_1128	AADNPYQRGPDPTNASIEAATGPFAVGTQPIVGASGFGGGQIYYPTDTSQTYGAVVIVPGFISVWAQLNWLGPRLASQGFVVIGIETSVITDLPDPRGDQALAALDWATTRSPVASRIDRTRLAAAGWSMGGGGLWRAALQRPSLKAIVGMAPWNGERNWSAVTVPTLFFGGSSDAVASPNDHAKPFYNSITRAEKDYIELRNADHFFPTSANTTMAKYFISWLKRWVDNDTRYTQFLCPGPSTGLFAPVSASMNTCPF	1128	1128	1128	1128	1128	1128	1128	0	0.0
tournament_test_1129	AADNPYQRGPDPTNASIEAATGPFAVGTQPIVGASGFGGGQIYYPTDTSQTYGAVVIVPGFISVWAQLNWLGPRLASQGFVVIGIETSVITDLPDPRGDQALAALDWATTRSPVASRIDRTRLAAAGWSMGGGGLYRAALQRPSLKAIVGMAPWNGERNWSAVTVPTLFFGGSSDAVASPNDHAKPFYNSITRAEKDYIELRNADHFFPTSANTTMAKYFISWLKRWVDNDTRYTQFLCPGPSTGLFAPVSASMNTCPF	1129	1129	1129	1129	1129	1129	1129	0	0.0
tournament_test_113	AADNPYQRGPDPTNASIEAATGPFAVGTQPIVGASGFGGGQIYYPTDTSHTYGAVVIVPGFISVWAQLNWLGPRLASQGFVVIGIETSVITDLPDPRGDQALAALDWATTRSPVASRIDRTRLAAAGWSMGGGGLRRAALQRPSLKAIVGMAPWNGERNWSAVTVPTLFFGGSSDAVASPNDHAKPFYNSITRAEKDYIELRNADHFFPTSANTTMAKYFISWLKRWVDNDTRYTQFLCPGPSTGLFAPVSASMNTCPF	113	113	113	113	113	113	113	0	0.0
tournament_test_1130	AADNPYQRGPDPTNASIEAATGPFAVGTQPIVGASGFGGGQIYYPTDTSQTYGAVVIVPGFISVWAQLNWLGPRLASQGFVVIGIETSVITDLPDPRGDQALAALDWATTRSPVASRIDRTRLAAAGWSMGGGHLRRAALQRPSLKAIVGMAPWNGERNWSAVTVPTLFFGGSSDAVASPNDHAKPFYNSITRAEKDYIELRNADHFFPTSANTTMAKYFISWLKRWVDNDTRYTQFLCPGPSTGLFAPVSASMNTCPF	1130	1130	1130	1130	1130	1130	1130	0	0.0
tournament_test_1131	AADNPYQRGPDPTNASIEAATGPFAVGTQPIVGASGFGGGQIYYPTDTSQTYGAVVIVPGFISVWAQLNWLGPRLASQGFVVIGIETSVITDLPDPRGDQALAALDWATTRSPVASRIDRTRLAAAGWSMGGGILRRAALQRPSLKAIVGMAPWNGERNWSAVTVPTLFFGGSSDAVASPNDHAKPFYNSITRAEKDYIELRNADHFFPTSANTTMAKYFISWLKRWVDNDTRYTQFLCPGPSTGLFAPVSASMNTCPF	1131	1131	1131	1131	1131	1131	1131	0	0.0
tournament_test_1132	AADNPYQRGPDPTNASIEAATGPFAVGTQPIVGASGFGGGQIYYPTDTSQTYGAVVIVPGFISVWAQLNWLGPRLASQGFVVIGIETSVITDLPDPRGDQALAALDWATTRSPVASRIDRTRLAAAGWSMGGGKLRRAALQRPSLKAIVGMAPWNGERNWSAVTVPTLFFGGSSDAVASPNDHAKPFYNSITRAEKDYIELRNADHFFPTSANTTMAKYFISWLKRWVDNDTRYTQFLCPGPSTGLFAPVSASMNTCPF	1132	1132	1132	1132	1132	1132	1132	0	0.0
tournament_test_1133	AADNPYQRGPDPTNASIEAATGPFAVGTQPIVGASGFGGGQIYYPTDTSQTYGAVVIVPGFISVWAQLNWLGPRLASQGFVVIGIETSVITDLPDPRGDQALAALDWATTRSPVASRIDRTRLAAAGWSMGGGLLRRAALQRPSLKAIVGMAPWNGERNWSAVTVPTLFFGGSSDAVASPNDHAKPFYNSITRAEKDYIELRNADHFFPTSANTTMAKYFISWLKRWVDNDTRYTQFLCPGPSTGLFAPVSASMNTCPF	1133	1133	1133	1133	1133	1133	1133	0	0.0
tournament_test_1134	AADNPYQRGPDPTNASIEAATGPFAVGTQPIVGASGFGGGQIYYPTDTSQTYGAVVIVPGFISVWAQLNWLGPRLASQGFVVIGIETSVITDLPDPRGDQALAALDWATTRSPVASRIDRTRLAAAGWSMGGGMLRRAALQRPSLKAIVGMAPWNGERNWSAVTVPTLFFGGSSDAVASPNDHAKPFYNSITRAEKDYIELRNADHFFPTSANTTMAKYFISWLKRWVDNDTRYTQFLCPGPSTGLFAPVSASMNTCPF	1134	1134	1134	1134	1134	1134	1134	0	0.0
tournament_test_1135	AADNPYQRGPDPTNASIEAATGPFAVGTQPIVGASGFGGGQIYYPTDTSQTYGAVVIVPGFISVWAQLNWLGPRLASQGFVVIGIETSVITDLPDPRGDQALAALDWATTRSPVASRIDRTRLAAAGWSMGGGNLRRAALQRPSLKAIVGMAPWNGERNWSAVTVPTLFFGGSSDAVASPNDHAKPFYNSITRAEKDYIELRNADHFFPTSANTTMAKYFISWLKRWVDNDTRYTQFLCPGPSTGLFAPVSASMNTCPF	1135	1135	1135	1135	1135	1135	1135	0	0.0
tournament_test_1136	AADNPYQRGPDPTNASIEAATGPFAVGTQPIVGASGFGGGQIYYPTDTSQTYGAVVIVPGFISVWAQLNWLGPRLASQGFVVIGIETSVITDLPDPRGDQALAALDWATTRSPVASRIDRTRLAAAGWSMGGGPLRRAALQRPSLKAIVGMAPWNGERNWSAVTVPTLFFGGSSDAVASPNDHAKPFYNSITRAEKDYIELRNADHFFPTSANTTMAKYFISWLKRWVDNDTRYTQFLCPGPSTGLFAPVSASMNTCPF	1136	1136	1136	1136	1136	1136	1136	0	0.0
tournament_test_1137	AADNPYQRGPDPTNASIEAATGPFAVGTQPIVGASGFGGGQIYYPTDTSQTYGAVVIVPGFISVWAQLNWLGPRLASQGFVVIGIETSVITDLPDPRGDQALAALDWATTRSPVASRIDRTRLAAAGWSMGGGQLRRAALQRPSLKAIVGMAPWNGERNWSAVTVPTLFFGGSSDAVASPNDHAKPFYNSITRAEKDYIELRNADHFFPTSANTTMAKYFISWLKRWVDNDTRYTQFLCPGPSTGLFAPVSASMNTCPF	1137	1137	1137	1137	1137	1137	1137	0	0.0
tournament_test_1138	AADNPYQRGPDPTNASIEAATGPFAVGTQPIVGASGFGGGQIYYPTDTSQTYGAVVIVPGFISVWAQLNWLGPRLASQGFVVIGIETSVITDLPDPRGDQALAALDWATTRSPVASRIDRTRLAAAGWSMGGGRLRRAALQRPSLKAIVGMAPWNGERNWSAVTVPTLFFGGSSDAVASPNDHAKPFYNSITRAEKDYIELRNADHFFPTSANTTMAKYFISWLKRWVDNDTRYTQFLCPGPSTGLFAPVSASMNTCPF	1138	1138	1138	1138	1138	1138	1138	0	0.0
tournament_test_1139	AADNPYQRGPDPTNASIEAATGPFAVGTQPIVGASGFGGGQIYYPTDTSQTYGAVVIVPGFISVWAQLNWLGPRLASQGFVVIGIETSVITDLPDPRGDQALAALDWATTRSPVASRIDRTRLAAAGWSMGGGSLRRAALQRPSLKAIVGMAPWNGERNWSAVTVPTLFFGGSSDAVASPNDHAKPFYNSITRAEKDYIELRNADHFFPTSANTTMAKYFISWLKRWVDNDTRYTQFLCPGPSTGLFAPVSASMNTCPF	1139	1139	1139	1139	1139	1139	1139	0	0.0
tournament_test_114	AADNPYQRGPDPTNASIEAATGPFAVGTQPIVGASGFGGGQIYYPTDTSITYGAVVIVPGFISVWAQLNWLGPRLASQGFVVIGIETSVITDLPDPRGDQALAALDWATTRSPVASRIDRTRLAAAGWSMGGGGLRRAALQRPSLKAIVGMAPWNGERNWSAVTVPTLFFGGSSDAVASPNDHAKPFYNSITRAEKDYIELRNADHFFPTSANTTMAKYFISWLKRWVDNDTRYTQFLCPGPSTGLFAPVSASMNTCPF	114	114	114	114	114	114	114	0	0.0
tournament_test_1140	AADNPYQRGPDPTNASIEAATGPFAVGTQPIVGASGFGGGQIYYPTDTSQTYGAVVIVPGFISVWAQLNWLGPRLASQGFVVIGIETSVITDLPDPRGDQALAALDWATTRSPVASRIDRTRLAAAGWSMGGGTLRRAALQRPSLKAIVGMAPWNGERNWSAVTVPTLFFGGSSDAVASPNDHAKPFYNSITRAEKDYIELRNADHFFPTSANTTMAKYFISWLKRWVDNDTRYTQFLCPGPSTGLFAPVSASMNTCPF	1140	1140	1140	1140	1140	1140	1140	0	0.0
tournament_test_1141	AADNPYQRGPDPTNASIEAATGPFAVGTQPIVGASGFGGGQIYYPTDTSQTYGAVVIVPGFISVWAQLNWLGPRLASQGFVVIGIETSVITDLPDPRGDQALAALDWATTRSPVASRIDRTRLAAAGWSMGGGVLRRAALQRPSLKAIVGMAPWNGERNWSAVTVPTLFFGGSSDAVASPNDHAKPFYNSITRAEKDYIELRNADHFFPTSANTTMAKYFISWLKRWVDNDTRYTQFLCPGPSTGLFAPVSASMNTCPF	1141	1141	1141	1141	1141	1141	1141	0	0.0
tournament_test_1142	AADNPYQRGPDPTNASIEAATGPFAVGTQPIVGASGFGGGQIYYPTDTSQTYGAVVIVPGFISVWAQLNWLGPRLASQGFVVIGIETSVITDLPDPRGDQALAALDWATTRSPVASRIDRTRLAAAGWSMGGGWLRRAALQRPSLKAIVGMAPWNGERNWSAVTVPTLFFGGSSDAVASPNDHAKPFYNSITRAEKDYIELRNADHFFPTSANTTMAKYFISWLKRWVDNDTRYTQFLCPGPSTGLFAPVSASMNTCPF	1142	1142	1142	1142	1142	1142	1142	0	0.0
tournament_test_1143	AADNPYQRGPDPTNASIEAATGPFAVGTQPIVGASGFGGGQIYYPTDTSQTYGAVVIVPGFISVWAQLNWLGPRLASQGFVVIGIETSVITDLPDPRGDQALAALDWATTRSPVASRIDRTRLAAAGWSMGGGYLRRAALQRPSLKAIVGMAPWNGERNWSAVTVPTLFFGGSSDAVASPNDHAKPFYNSITRAEKDYIELRNADHFFPTSANTTMAKYFISWLKRWVDNDTRYTQFLCPGPSTGLFAPVSASMNTCPF	1143	1143	1143	1143	1143	1143	1143	0	0.0
tournament_test_1144	AADNPYQRGPDPTNASIEAATGPFAVGTQPIVGASGFGGGQIYYPTDTSQTYGAVVIVPGFISVWAQLNWLGPRLASQGFVVIGIETSVITDLPDPRGDQALAALDWATTRSPVASRIDRTRLAAAGWSMGGHGLRRAALQRPSLKAIVGMAPWNGERNWSAVTVPTLFFGGSSDAVASPNDHAKPFYNSITRAEKDYIELRNADHFFPTSANTTMAKYFISWLKRWVDNDTRYTQFLCPGPSTGLFAPVSASMNTCPF	1144	1144	1144	1144	1144	1144	1144	0	0.0
tournament_test_1145	AADNPYQRGPDPTNASIEAATGPFAVGTQPIVGASGFGGGQIYYPTDTSQTYGAVVIVPGFISVWAQLNWLGPRLASQGFVVIGIETSVITDLPDPRGDQALAALDWATTRSPVASRIDRTRLAAAGWSMGGIGLRRAALQRPSLKAIVGMAPWNGERNWSAVTVPTLFFGGSSDAVASPNDHAKPFYNSITRAEKDYIELRNADHFFPTSANTTMAKYFISWLKRWVDNDTRYTQFLCPGPSTGLFAPVSASMNTCPF	1145	1145	1145	1145	1145	1145	1145	0	0.0
tournament_test_1146	AADNPYQRGPDPTNASIEAATGPFAVGTQPIVGASGFGGGQIYYPTDTSQTYGAVVIVPGFISVWAQLNWLGPRLASQGFVVIGIETSVITDLPDPRGDQALAALDWATTRSPVASRIDRTRLAAAGWSMGGKGLRRAALQRPSLKAIVGMAPWNGERNWSAVTVPTLFFGGSSDAVASPNDHAKPFYNSITRAEKDYIELRNADHFFPTSANTTMAKYFISWLKRWVDNDTRYTQFLCPGPSTGLFAPVSASMNTCPF	1146	1146	1146	1146	1146	1146	1146	0	0.0
tournament_test_1147	AADNPYQRGPDPTNASIEAATGPFAVGTQPIVGASGFGGGQIYYPTDTSQTYGAVVIVPGFISVWAQLNWLGPRLASQGFVVIGIETSVITDLPDPRGDQALAALDWATTRSPVASRIDRTRLAAAGWSMGGLGLRRAALQRPSLKAIVGMAPWNGERNWSAVTVPTLFFGGSSDAVASPNDHAKPFYNSITRAEKDYIELRNADHFFPTSANTTMAKYFISWLKRWVDNDTRYTQFLCPGPSTGLFAPVSASMNTCPF	1147	1147	1147	1147	1147	1147	1147	0	0.0
tournament_test_1148	AADNPYQRGPDPTNASIEAATGPFAVGTQPIVGASGFGGGQIYYPTDTSQTYGAVVIVPGFISVWAQLNWLGPRLASQGFVVIGIETSVITDLPDPRGDQALAALDWATTRSPVASRIDRTRLAAAGWSMGGMGLRRAALQRPSLKAIVGMAPWNGERNWSAVTVPTLFFGGSSDAVASPNDHAKPFYNSITRAEKDYIELRNADHFFPTSANTTMAKYFISWLKRWVDNDTRYTQFLCPGPSTGLFAPVSASMNTCPF	1148	1148	1148	1148	1148	1148	1148	0	0.0
tournament_test_1149	AADNPYQRGPDPTNASIEAATGPFAVGTQPIVGASGFGGGQIYYPTDTSQTYGAVVIVPGFISVWAQLNWLGPRLASQGFVVIGIETSVITDLPDPRGDQALAALDWATTRSPVASRIDRTRLAAAGWSMGGNGLRRAALQRPSLKAIVGMAPWNGERNWSAVTVPTLFFGGSSDAVASPNDHAKPFYNSITRAEKDYIELRNADHFFPTSANTTMAKYFISWLKRWVDNDTRYTQFLCPGPSTGLFAPVSASMNTCPF	1149	1149	1149	1149	1149	1149	1149	0	0.0
tournament_test_115	AADNPYQRGPDPTNASIEAATGPFAVGTQPIVGASGFGGGQIYYPTDTSKTYGAVVIVPGFISVWAQLNWLGPRLASQGFVVIGIETSVITDLPDPRGDQALAALDWATTRSPVASRIDRTRLAAAGWSMGGGGLRRAALQRPSLKAIVGMAPWNGERNWSAVTVPTLFFGGSSDAVASPNDHAKPFYNSITRAEKDYIELRNADHFFPTSANTTMAKYFISWLKRWVDNDTRYTQFLCPGPSTGLFAPVSASMNTCPF	115	115	115	115	115	115	115	0	0.0
tournament_test_1150	AADNPYQRGPDPTNASIEAATGPFAVGTQPIVGASGFGGGQIYYPTDTSQTYGAVVIVPGFISVWAQLNWLGPRLASQGFVVIGIETSVITDLPDPRGDQALAALDWATTRSPVASRIDRTRLAAAGWSMGGPGLRRAALQRPSLKAIVGMAPWNGERNWSAVTVPTLFFGGSSDAVASPNDHAKPFYNSITRAEKDYIELRNADHFFPTSANTTMAKYFISWLKRWVDNDTRYTQFLCPGPSTGLFAPVSASMNTCPF	1150	1150	1150	1150	1150	1150	1150	0	0.0
tournament_test_1151	AADNPYQRGPDPTNASIEAATGPFAVGTQPIVGASGFGGGQIYYPTDTSQTYGAVVIVPGFISVWAQLNWLGPRLASQGFVVIGIETSVITDLPDPRGDQALAALDWATTRSPVASRIDRTRLAAAGWSMGGQGLRRAALQRPSLKAIVGMAPWNGERNWSAVTVPTLFFGGSSDAVASPNDHAKPFYNSITRAEKDYIELRNADHFFPTSANTTMAKYFISWLKRWVDNDTRYTQFLCPGPSTGLFAPVSASMNTCPF	1151	1151	1151	1151	1151	1151	1151	0	0.0
tournament_test_1152	AADNPYQRGPDPTNASIEAATGPFAVGTQPIVGASGFGGGQIYYPTDTSQTYGAVVIVPGFISVWAQLNWLGPRLASQGFVVIGIETSVITDLPDPRGDQALAALDWATTRSPVASRIDRTRLAAAGWSMGGRGLRRAALQRPSLKAIVGMAPWNGERNWSAVTVPTLFFGGSSDAVASPNDHAKPFYNSITRAEKDYIELRNADHFFPTSANTTMAKYFISWLKRWVDNDTRYTQFLCPGPSTGLFAPVSASMNTCPF	1152	1152	1152	1152	1152	1152	1152	0	0.0
tournament_test_1153	AADNPYQRGPDPTNASIEAATGPFAVGTQPIVGASGFGGGQIYYPTDTSQTYGAVVIVPGFISVWAQLNWLGPRLASQGFVVIGIETSVITDLPDPRGDQALAALDWATTRSPVASRIDRTRLAAAGWSMGGSGLRRAALQRPSLKAIVGMAPWNGERNWSAVTVPTLFFGGSSDAVASPNDHAKPFYNSITRAEKDYIELRNADHFFPTSANTTMAKYFISWLKRWVDNDTRYTQFLCPGPSTGLFAPVSASMNTCPF	1153	1153	1153	1153	1153	1153	1153	0	0.0
tournament_test_1154	AADNPYQRGPDPTNASIEAATGPFAVGTQPIVGASGFGGGQIYYPTDTSQTYGAVVIVPGFISVWAQLNWLGPRLASQGFVVIGIETSVITDLPDPRGDQALAALDWATTRSPVASRIDRTRLAAAGWSMGGTGLRRAALQRPSLKAIVGMAPWNGERNWSAVTVPTLFFGGSSDAVASPNDHAKPFYNSITRAEKDYIELRNADHFFPTSANTTMAKYFISWLKRWVDNDTRYTQFLCPGPSTGLFAPVSASMNTCPF	1154	1154	1154	1154	1154	1154	1154	0	0.0
tournament_test_1155	AADNPYQRGPDPTNASIEAATGPFAVGTQPIVGASGFGGGQIYYPTDTSQTYGAVVIVPGFISVWAQLNWLGPRLASQGFVVIGIETSVITDLPDPRGDQALAALDWATTRSPVASRIDRTRLAAAGWSMGGVGLRRAALQRPSLKAIVGMAPWNGERNWSAVTVPTLFFGGSSDAVASPNDHAKPFYNSITRAEKDYIELRNADHFFPTSANTTMAKYFISWLKRWVDNDTRYTQFLCPGPSTGLFAPVSASMNTCPF	1155	1155	1155	1155	1155	1155	1155	0	0.0
tournament_test_1156	AADNPYQRGPDPTNASIEAATGPFAVGTQPIVGASGFGGGQIYYPTDTSQTYGAVVIVPGFISVWAQLNWLGPRLASQGFVVIGIETSVITDLPDPRGDQALAALDWATTRSPVASRIDRTRLAAAGWSMGGWGLRRAALQRPSLKAIVGMAPWNGERNWSAVTVPTLFFGGSSDAVASPNDHAKPFYNSITRAEKDYIELRNADHFFPTSANTTMAKYFISWLKRWVDNDTRYTQFLCPGPSTGLFAPVSASMNTCPF	1156	1156	1156	1156	1156	1156	1156	0	0.0
tournament_test_1157	AADNPYQRGPDPTNASIEAATGPFAVGTQPIVGASGFGGGQIYYPTDTSQTYGAVVIVPGFISVWAQLNWLGPRLASQGFVVIGIETSVITDLPDPRGDQALAALDWATTRSPVASRIDRTRLAAAGWSMGGYGLRRAALQRPSLKAIVGMAPWNGERNWSAVTVPTLFFGGSSDAVASPNDHAKPFYNSITRAEKDYIELRNADHFFPTSANTTMAKYFISWLKRWVDNDTRYTQFLCPGPSTGLFAPVSASMNTCPF	1157	1157	1157	1157	1157	1157	1157	0	0.0
tournament_test_1158	AADNPYQRGPDPTNASIEAATGPFAVGTQPIVGASGFGGGQIYYPTDTSQTYGAVVIVPGFISVWAQLNWLGPRLASQGFVVIGIETSVITDLPDPRGDQALAALDWATTRSPVASRIDRTRLAAAGWSMGHGGLRRAALQRPSLKAIVGMAPWNGERNWSAVTVPTLFFGGSSDAVASPNDHAKPFYNSITRAEKDYIELRNADHFFPTSANTTMAKYFISWLKRWVDNDTRYTQFLCPGPSTGLFAPVSASMNTCPF	1158	1158	1158	1158	1158	1158	1158	0	0.0
tournament_test_1159	AADNPYQRGPDPTNASIEAATGPFAVGTQPIVGASGFGGGQIYYPTDTSQTYGAVVIVPGFISVWAQLNWLGPRLASQGFVVIGIETSVITDLPDPRGDQALAALDWATTRSPVASRIDRTRLAAAGWSMGIGGLRRAALQRPSLKAIVGMAPWNGERNWSAVTVPTLFFGGSSDAVASPNDHAKPFYNSITRAEKDYIELRNADHFFPTSANTTMAKYFISWLKRWVDNDTRYTQFLCPGPSTGLFAPVSASMNTCPF	1159	1159	1159	1159	1159	1159	1159	0	0.0
tournament_test_116	AADNPYQRGPDPTNASIEAATGPFAVGTQPIVGASGFGGGQIYYPTDTSLTYGAVVIVPGFISVWAQLNWLGPRLASQGFVVIGIETSVITDLPDPRGDQALAALDWATTRSPVASRIDRTRLAAAGWSMGGGGLRRAALQRPSLKAIVGMAPWNGERNWSAVTVPTLFFGGSSDAVASPNDHAKPFYNSITRAEKDYIELRNADHFFPTSANTTMAKYFISWLKRWVDNDTRYTQFLCPGPSTGLFAPVSASMNTCPF	116	116	116	116	116	116	116	0	0.0
tournament_test_1160	AADNPYQRGPDPTNASIEAATGPFAVGTQPIVGASGFGGGQIYYPTDTSQTYGAVVIVPGFISVWAQLNWLGPRLASQGFVVIGIETSVITDLPDPRGDQALAALDWATTRSPVASRIDRTRLAAAGWSMGKGGLRRAALQRPSLKAIVGMAPWNGERNWSAVTVPTLFFGGSSDAVASPNDHAKPFYNSITRAEKDYIELRNADHFFPTSANTTMAKYFISWLKRWVDNDTRYTQFLCPGPSTGLFAPVSASMNTCPF	1160	1160	1160	1160	1160	1160	1160	0	0.0
tournament_test_1161	AADNPYQRGPDPTNASIEAATGPFAVGTQPIVGASGFGGGQIYYPTDTSQTYGAVVIVPGFISVWAQLNWLGPRLASQGFVVIGIETSVITDLPDPRGDQALAALDWATTRSPVASRIDRTRLAAAGWSMGLGGLRRAALQRPSLKAIVGMAPWNGERNWSAVTVPTLFFGGSSDAVASPNDHAKPFYNSITRAEKDYIELRNADHFFPTSANTTMAKYFISWLKRWVDNDTRYTQFLCPGPSTGLFAPVSASMNTCPF	1161	1161	1161	1161	1161	1161	1161	0	0.0
tournament_test_1162	AADNPYQRGPDPTNASIEAATGPFAVGTQPIVGASGFGGGQIYYPTDTSQTYGAVVIVPGFISVWAQLNWLGPRLASQGFVVIGIETSVITDLPDPRGDQALAALDWATTRSPVASRIDRTRLAAAGWSMGMGGLRRAALQRPSLKAIVGMAPWNGERNWSAVTVPTLFFGGSSDAVASPNDHAKPFYNSITRAEKDYIELRNADHFFPTSANTTMAKYFISWLKRWVDNDTRYTQFLCPGPSTGLFAPVSASMNTCPF	1162	1162	1162	1162	1162	1162	1162	0	0.0
tournament_test_1163	AADNPYQRGPDPTNASIEAATGPFAVGTQPIVGASGFGGGQIYYPTDTSQTYGAVVIVPGFISVWAQLNWLGPRLASQGFVVIGIETSVITDLPDPRGDQALAALDWATTRSPVASRIDRTRLAAAGWSMGNGGLRRAALQRPSLKAIVGMAPWNGERNWSAVTVPTLFFGGSSDAVASPNDHAKPFYNSITRAEKDYIELRNADHFFPTSANTTMAKYFISWLKRWVDNDTRYTQFLCPGPSTGLFAPVSASMNTCPF	1163	1163	1163	1163	1163	1163	1163	0	0.0
tournament_test_1164	AADNPYQRGPDPTNASIEAATGPFAVGTQPIVGASGFGGGQIYYPTDTSQTYGAVVIVPGFISVWAQLNWLGPRLASQGFVVIGIETSVITDLPDPRGDQALAALDWATTRSPVASRIDRTRLAAAGWSMGPGGLRRAALQRPSLKAIVGMAPWNGERNWSAVTVPTLFFGGSSDAVASPNDHAKPFYNSITRAEKDYIELRNADHFFPTSANTTMAKYFISWLKRWVDNDTRYTQFLCPGPSTGLFAPVSASMNTCPF	1164	1164	1164	1164	1164	1164	1164	0	0.0
tournament_test_1165	AADNPYQRGPDPTNASIEAATGPFAVGTQPIVGASGFGGGQIYYPTDTSQTYGAVVIVPGFISVWAQLNWLGPRLASQGFVVIGIETSVITDLPDPRGDQALAALDWATTRSPVASRIDRTRLAAAGWSMGQGGLRRAALQRPSLKAIVGMAPWNGERNWSAVTVPTLFFGGSSDAVASPNDHAKPFYNSITRAEKDYIELRNADHFFPTSANTTMAKYFISWLKRWVDNDTRYTQFLCPGPSTGLFAPVSASMNTCPF	1165	1165	1165	1165	1165	1165	1165	0	0.0
tournament_test_1166	AADNPYQRGPDPTNASIEAATGPFAVGTQPIVGASGFGGGQIYYPTDTSQTYGAVVIVPGFISVWAQLNWLGPRLASQGFVVIGIETSVITDLPDPRGDQALAALDWATTRSPVASRIDRTRLAAAGWSMGRGGLRRAALQRPSLKAIVGMAPWNGERNWSAVTVPTLFFGGSSDAVASPNDHAKPFYNSITRAEKDYIELRNADHFFPTSANTTMAKYFISWLKRWVDNDTRYTQFLCPGPSTGLFAPVSASMNTCPF	1166	1166	1166	1166	1166	1166	1166	0	0.0
tournament_test_1167	AADNPYQRGPDPTNASIEAATGPFAVGTQPIVGASGFGGGQIYYPTDTSQTYGAVVIVPGFISVWAQLNWLGPRLASQGFVVIGIETSVITDLPDPRGDQALAALDWATTRSPVASRIDRTRLAAAGWSMGSGGLRRAALQRPSLKAIVGMAPWNGERNWSAVTVPTLFFGGSSDAVASPNDHAKPFYNSITRAEKDYIELRNADHFFPTSANTTMAKYFISWLKRWVDNDTRYTQFLCPGPSTGLFAPVSASMNTCPF	1167	1167	1167	1167	1167	1167	1167	0	0.0
tournament_test_1168	AADNPYQRGPDPTNASIEAATGPFAVGTQPIVGASGFGGGQIYYPTDTSQTYGAVVIVPGFISVWAQLNWLGPRLASQGFVVIGIETSVITDLPDPRGDQALAALDWATTRSPVASRIDRTRLAAAGWSMGTGGLRRAALQRPSLKAIVGMAPWNGERNWSAVTVPTLFFGGSSDAVASPNDHAKPFYNSITRAEKDYIELRNADHFFPTSANTTMAKYFISWLKRWVDNDTRYTQFLCPGPSTGLFAPVSASMNTCPF	1168	1168	1168	1168	1168	1168	1168	0	0.0
tournament_test_1169	AADNPYQRGPDPTNASIEAATGPFAVGTQPIVGASGFGGGQIYYPTDTSQTYGAVVIVPGFISVWAQLNWLGPRLASQGFVVIGIETSVITDLPDPRGDQALAALDWATTRSPVASRIDRTRLAAAGWSMGVGGLRRAALQRPSLKAIVGMAPWNGERNWSAVTVPTLFFGGSSDAVASPNDHAKPFYNSITRAEKDYIELRNADHFFPTSANTTMAKYFISWLKRWVDNDTRYTQFLCPGPSTGLFAPVSASMNTCPF	1169	1169	1169	1169	1169	1169	1169	0	0.0
tournament_test_117	AADNPYQRGPDPTNASIEAATGPFAVGTQPIVGASGFGGGQIYYPTDTSMTYGAVVIVPGFISVWAQLNWLGPRLASQGFVVIGIETSVITDLPDPRGDQALAALDWATTRSPVASRIDRTRLAAAGWSMGGGGLRRAALQRPSLKAIVGMAPWNGERNWSAVTVPTLFFGGSSDAVASPNDHAKPFYNSITRAEKDYIELRNADHFFPTSANTTMAKYFISWLKRWVDNDTRYTQFLCPGPSTGLFAPVSASMNTCPF	117	117	117	117	117	117	117	0	0.0
tournament_test_1170	AADNPYQRGPDPTNASIEAATGPFAVGTQPIVGASGFGGGQIYYPTDTSQTYGAVVIVPGFISVWAQLNWLGPRLASQGFVVIGIETSVITDLPDPRGDQALAALDWATTRSPVASRIDRTRLAAAGWSMGWGGLRRAALQRPSLKAIVGMAPWNGERNWSAVTVPTLFFGGSSDAVASPNDHAKPFYNSITRAEKDYIELRNADHFFPTSANTTMAKYFISWLKRWVDNDTRYTQFLCPGPSTGLFAPVSASMNTCPF	1170	1170	1170	1170	1170	1170	1170	0	0.0
tournament_test_1171	AADNPYQRGPDPTNASIEAATGPFAVGTQPIVGASGFGGGQIYYPTDTSQTYGAVVIVPGFISVWAQLNWLGPRLASQGFVVIGIETSVITDLPDPRGDQALAALDWATTRSPVASRIDRTRLAAAGWSMGYGGLRRAALQRPSLKAIVGMAPWNGERNWSAVTVPTLFFGGSSDAVASPNDHAKPFYNSITRAEKDYIELRNADHFFPTSANTTMAKYFISWLKRWVDNDTRYTQFLCPGPSTGLFAPVSASMNTCPF	1171	1171	1171	1171	1171	1171	1171	0	0.0
tournament_test_1172	AADNPYQRGPDPTNASIEAATGPFAVGTQPIVGASGFGGGQIYYPTDTSQTYGAVVIVPGFISVWAQLNWLGPRLASQGFVVIGIETSVITDLPDPRGDQALAALDWATTRSPVASRIDRTRLAAAHWSMGGGGLRRAALQRPSLKAIVGMAPWNGERNWSAVTVPTLFFGGSSDAVASPNDHAKPFYNSITRAEKDYIELRNADHFFPTSANTTMAKYFISWLKRWVDNDTRYTQFLCPGPSTGLFAPVSASMNTCPF	1172	1172	1172	1172	1172	1172	1172	0	0.0
tournament_test_1173	AADNPYQRGPDPTNASIEAATGPFAVGTQPIVGASGFGGGQIYYPTDTSQTYGAVVIVPGFISVWAQLNWLGPRLASQGFVVIGIETSVITDLPDPRGDQALAALDWATTRSPVASRIDRTRLAAAIWSMGGGGLRRAALQRPSLKAIVGMAPWNGERNWSAVTVPTLFFGGSSDAVASPNDHAKPFYNSITRAEKDYIELRNADHFFPTSANTTMAKYFISWLKRWVDNDTRYTQFLCPGPSTGLFAPVSASMNTCPF	1173	1173	1173	1173	1173	1173	1173	0	0.0
tournament_test_1174	AADNPYQRGPDPTNASIEAATGPFAVGTQPIVGASGFGGGQIYYPTDTSQTYGAVVIVPGFISVWAQLNWLGPRLASQGFVVIGIETSVITDLPDPRGDQALAALDWATTRSPVASRIDRTRLAAAKWSMGGGGLRRAALQRPSLKAIVGMAPWNGERNWSAVTVPTLFFGGSSDAVASPNDHAKPFYNSITRAEKDYIELRNADHFFPTSANTTMAKYFISWLKRWVDNDTRYTQFLCPGPSTGLFAPVSASMNTCPF	1174	1174	1174	1174	1174	1174	1174	0	0.0
tournament_test_1175	AADNPYQRGPDPTNASIEAATGPFAVGTQPIVGASGFGGGQIYYPTDTSQTYGAVVIVPGFISVWAQLNWLGPRLASQGFVVIGIETSVITDLPDPRGDQALAALDWATTRSPVASRIDRTRLAAALWSMGGGGLRRAALQRPSLKAIVGMAPWNGERNWSAVTVPTLFFGGSSDAVASPNDHAKPFYNSITRAEKDYIELRNADHFFPTSANTTMAKYFISWLKRWVDNDTRYTQFLCPGPSTGLFAPVSASMNTCPF	1175	1175	1175	1175	1175	1175	1175	0	0.0
tournament_test_1176	AADNPYQRGPDPTNASIEAATGPFAVGTQPIVGASGFGGGQIYYPTDTSQTYGAVVIVPGFISVWAQLNWLGPRLASQGFVVIGIETSVITDLPDPRGDQALAALDWATTRSPVASRIDRTRLAAAMWSMGGGGLRRAALQRPSLKAIVGMAPWNGERNWSAVTVPTLFFGGSSDAVASPNDHAKPFYNSITRAEKDYIELRNADHFFPTSANTTMAKYFISWLKRWVDNDTRYTQFLCPGPSTGLFAPVSASMNTCPF	1176	1176	1176	1176	1176	1176	1176	0	0.0
tournament_test_1177	AADNPYQRGPDPTNASIEAATGPFAVGTQPIVGASGFGGGQIYYPTDTSQTYGAVVIVPGFISVWAQLNWLGPRLASQGFVVIGIETSVITDLPDPRGDQALAALDWATTRSPVASRIDRTRLAAANWSMGGGGLRRAALQRPSLKAIVGMAPWNGERNWSAVTVPTLFFGGSSDAVASPNDHAKPFYNSITRAEKDYIELRNADHFFPTSANTTMAKYFISWLKRWVDNDTRYTQFLCPGPSTGLFAPVSASMNTCPF	1177	1177	1177	1177	1177	1177	1177	0	0.0
tournament_test_1178	AADNPYQRGPDPTNASIEAATGPFAVGTQPIVGASGFGGGQIYYPTDTSQTYGAVVIVPGFISVWAQLNWLGPRLASQGFVVIGIETSVITDLPDPRGDQALAALDWATTRSPVASRIDRTRLAAAPWSMGGGGLRRAALQRPSLKAIVGMAPWNGERNWSAVTVPTLFFGGSSDAVASPNDHAKPFYNSITRAEKDYIELRNADHFFPTSANTTMAKYFISWLKRWVDNDTRYTQFLCPGPSTGLFAPVSASMNTCPF	1178	1178	1178	1178	1178	1178	1178	0	0.0
